-- phpMyAdmin SQL Dump
-- version 4.7.0-beta1
-- https://www.phpmyadmin.net/
--
-- Host: localhost
-- Generation Time: Jan 20, 2020 at 02:08 PM
-- Server version: 5.5.52-MariaDB
-- PHP Version: 5.6.35

SET SQL_MODE = "NO_AUTO_VALUE_ON_ZERO";
SET time_zone = "+00:00";


/*!40101 SET @OLD_CHARACTER_SET_CLIENT=@@CHARACTER_SET_CLIENT */;
/*!40101 SET @OLD_CHARACTER_SET_RESULTS=@@CHARACTER_SET_RESULTS */;
/*!40101 SET @OLD_COLLATION_CONNECTION=@@COLLATION_CONNECTION */;
/*!40101 SET NAMES utf8mb4 */;

--
-- Database: `admin_themirror`
--

-- --------------------------------------------------------

--
-- Table structure for table `itf_categories`
--

CREATE TABLE `itf_categories` (
  `id` bigint(20) UNSIGNED NOT NULL,
  `title` varchar(255) COLLATE utf8_unicode_ci DEFAULT NULL,
  `status` tinyint(4) NOT NULL DEFAULT '1',
  `created_at` timestamp NULL DEFAULT NULL,
  `updated_at` timestamp NULL DEFAULT NULL
) ENGINE=InnoDB DEFAULT CHARSET=utf8 COLLATE=utf8_unicode_ci;

--
-- Dumping data for table `itf_categories`
--

INSERT INTO `itf_categories` (`id`, `title`, `status`, `created_at`, `updated_at`) VALUES
(1, 'Putting Together', 1, '2017-02-26 19:39:08', '2019-12-16 05:55:45'),
(2, 'Objective', 1, '2017-02-26 19:39:08', '2019-12-16 05:35:30'),
(3, 'Centered', 1, '2017-02-26 19:39:08', '2019-12-16 05:34:52'),
(4, 'Enthusiasm', 1, '2017-02-26 19:39:08', '2019-12-16 05:36:08'),
(5, 'Persona', 1, '2018-05-02 06:22:41', '2019-12-16 05:34:19'),
(6, 'Tone', 1, '2018-05-02 06:24:06', '2018-05-02 06:24:06'),
(7, 'Choice of Words', 1, '2018-05-02 06:24:16', '2018-05-02 06:24:16'),
(8, 'Gravitas', 1, '2018-05-02 06:24:26', '2018-05-02 06:24:26'),
(9, 'Spontaneity', 1, '2018-05-02 06:25:40', '2018-05-02 06:25:40'),
(10, 'Demeanour', 1, '2018-05-02 06:26:09', '2018-05-02 06:26:09'),
(11, 'Rapport', 1, '2018-05-02 06:26:17', '2018-05-02 06:26:17'),
(12, 'Authenticity', 1, '2018-05-02 06:26:28', '2018-05-02 06:26:28'),
(13, 'Fluency', 1, '2018-05-02 06:26:36', '2018-05-02 06:26:36'),
(14, 'Courage', 1, '2018-05-02 06:26:42', '2018-05-02 06:26:42'),
(15, 'Confidence', 1, '2018-05-02 06:26:49', '2018-05-02 06:26:49'),
(17, 'Energy', 1, '2018-05-02 06:27:26', '2018-05-02 06:27:26'),
(18, 'Body Language', 1, '2019-08-06 11:29:04', '2019-08-06 11:29:04');

-- --------------------------------------------------------

--
-- Table structure for table `itf_coupons`
--

CREATE TABLE `itf_coupons` (
  `id` int(25) UNSIGNED NOT NULL,
  `code` varchar(255) COLLATE utf8_unicode_ci DEFAULT NULL,
  `description` varchar(512) COLLATE utf8_unicode_ci DEFAULT NULL,
  `package_type` varchar(255) COLLATE utf8_unicode_ci NOT NULL,
  `no_of_use` int(11) DEFAULT NULL,
  `from_date` date NOT NULL,
  `to_date` date NOT NULL,
  `status` tinyint(4) NOT NULL DEFAULT '1',
  `created_at` timestamp NULL DEFAULT NULL,
  `updated_at` timestamp NULL DEFAULT NULL
) ENGINE=InnoDB DEFAULT CHARSET=utf8 COLLATE=utf8_unicode_ci;

--
-- Dumping data for table `itf_coupons`
--

INSERT INTO `itf_coupons` (`id`, `code`, `description`, `package_type`, `no_of_use`, `from_date`, `to_date`, `status`, `created_at`, `updated_at`) VALUES
(14, 'Employee', 'Employee\'s purpose', 'Elite - 700 words', 100, '2019-07-24', '2020-07-24', 1, '2019-07-24 04:45:58', '2019-07-24 04:45:58'),
(15, 'Alight', 'Important ', 'Elite - 700 words', 5, '2019-12-04', '2020-03-31', 1, '2019-12-03 09:18:27', '2019-12-04 12:15:11');

-- --------------------------------------------------------

--
-- Table structure for table `itf_coupon_use`
--

CREATE TABLE `itf_coupon_use` (
  `id` int(10) UNSIGNED NOT NULL,
  `video_id` bigint(20) DEFAULT NULL,
  `user_id` bigint(20) DEFAULT NULL,
  `coupon_id` bigint(20) DEFAULT NULL,
  `ip_adddress` varchar(255) COLLATE utf8_unicode_ci DEFAULT NULL,
  `updated_at` timestamp NULL DEFAULT CURRENT_TIMESTAMP,
  `created_at` timestamp NULL DEFAULT NULL
) ENGINE=InnoDB DEFAULT CHARSET=utf8 COLLATE=utf8_unicode_ci;

--
-- Dumping data for table `itf_coupon_use`
--

INSERT INTO `itf_coupon_use` (`id`, `video_id`, `user_id`, `coupon_id`, `ip_adddress`, `updated_at`, `created_at`) VALUES
(2, 85, 26, 6, '104.236.26.111', '2018-12-31 12:38:53', '2018-12-31 12:38:53'),
(3, 86, 38, 7, '104.236.26.111', '2019-01-03 04:34:58', '2019-01-03 04:34:58'),
(4, 87, 68, 7, '104.236.26.111', '2019-01-03 05:19:24', '2019-01-03 05:19:24'),
(5, 90, 68, 7, '104.236.26.111', '2019-01-11 14:58:36', '2019-01-11 14:58:36'),
(6, 94, 71, 8, '104.236.26.111', '2019-02-20 11:20:10', '2019-02-20 11:20:10'),
(7, 95, 71, 8, '104.236.26.111', '2019-02-20 11:28:41', '2019-02-20 11:28:41'),
(8, 96, 71, 8, '104.236.26.111', '2019-02-20 11:32:21', '2019-02-20 11:32:21'),
(9, 105, 79, 9, '104.236.26.111', '2019-04-12 11:34:45', '2019-04-12 11:34:45'),
(10, 106, 79, 9, '104.236.26.111', '2019-04-12 11:38:58', '2019-04-12 11:38:58'),
(11, 107, 79, 9, '104.236.26.111', '2019-04-12 11:42:27', '2019-04-12 11:42:27'),
(12, 111, 82, 10, '104.236.26.111', '2019-04-23 04:43:21', '2019-04-23 04:43:21'),
(13, 122, 87, 6, '104.236.26.111', '2019-05-16 12:01:33', '2019-05-16 12:01:33'),
(14, 126, 81, 6, '104.236.26.111', '2019-05-23 11:21:12', '2019-05-23 11:21:12'),
(15, 127, 81, 6, '104.236.26.111', '2019-05-28 08:32:29', '2019-05-28 08:32:29'),
(16, 127, 81, 6, '104.236.26.111', '2019-05-28 08:33:10', '2019-05-28 08:33:10'),
(17, 131, 81, 11, '104.236.26.111', '2019-05-30 08:43:05', '2019-05-30 08:43:05'),
(18, 133, 81, 11, '104.236.26.111', '2019-05-30 09:06:08', '2019-05-30 09:06:08'),
(19, 135, 82, 11, '104.236.26.111', '2019-05-31 10:24:57', '2019-05-31 10:24:57'),
(20, 136, 82, 11, '104.236.26.111', '2019-05-31 10:34:47', '2019-05-31 10:34:47'),
(21, 138, 89, 11, '104.236.26.111', '2019-06-06 06:44:52', '2019-06-06 06:44:52'),
(22, 146, 90, 13, '104.236.26.111', '2019-07-10 09:35:18', '2019-07-10 09:35:18'),
(23, 149, 90, 14, '104.236.26.111', '2019-07-24 05:00:39', '2019-07-24 05:00:39'),
(24, 150, 64, 14, '104.236.26.111', '2019-08-06 04:45:51', '2019-08-06 04:45:51'),
(25, 137, 82, 14, '104.236.26.111', '2019-08-06 11:02:16', '2019-08-06 11:02:16'),
(26, 4, 95, 15, '104.236.26.111', '2019-12-09 07:11:52', '2019-12-09 07:11:52'),
(27, 5, 97, 15, '104.236.26.111', '2019-12-09 11:00:29', '2019-12-09 11:00:29'),
(28, 6, 99, 15, '104.236.26.111', '2019-12-09 13:05:39', '2019-12-09 13:05:39'),
(29, 7, 96, 15, '104.236.26.111', '2019-12-09 13:29:33', '2019-12-09 13:29:33'),
(30, 8, 100, 15, '104.236.26.111', '2019-12-09 15:19:40', '2019-12-09 15:19:40'),
(31, 9, 94, 15, '104.236.26.111', '2019-12-09 15:45:32', '2019-12-09 15:45:32'),
(32, 12, 101, 15, '104.236.26.111', '2019-12-09 19:41:23', '2019-12-09 19:41:23'),
(33, 11, 93, 15, '104.236.26.111', '2019-12-10 04:52:34', '2019-12-10 04:52:34'),
(34, 15, 107, 15, '104.236.26.111', '2019-12-10 15:00:30', '2019-12-10 15:00:30'),
(35, 14, 105, 15, '104.236.26.111', '2019-12-10 15:01:02', '2019-12-10 15:01:02'),
(36, 16, 108, 15, '104.236.26.111', '2019-12-10 18:20:53', '2019-12-10 18:20:53'),
(37, 17, 98, 15, '104.236.26.111', '2019-12-11 07:59:29', '2019-12-11 07:59:29'),
(38, 20, 104, 15, '104.236.26.111', '2019-12-12 11:48:54', '2019-12-12 11:48:54'),
(39, 21, 109, 15, '104.236.26.111', '2019-12-12 15:57:24', '2019-12-12 15:57:24'),
(40, 22, 110, 15, '104.236.26.111', '2019-12-13 11:39:20', '2019-12-13 11:39:20'),
(41, 23, 111, 15, '104.236.26.111', '2019-12-13 13:04:22', '2019-12-13 13:04:22'),
(42, 24, 112, 15, '104.236.26.111', '2019-12-13 22:30:53', '2019-12-13 22:30:53'),
(43, 25, 113, 15, '104.236.26.111', '2019-12-16 11:14:10', '2019-12-16 11:14:10'),
(44, 26, 114, 15, '104.236.26.111', '2019-12-16 13:09:00', '2019-12-16 13:09:00'),
(45, 28, 116, 15, '104.236.26.111', '2019-12-18 11:26:44', '2019-12-18 11:26:44'),
(46, 29, 117, 15, '104.236.26.111', '2019-12-19 13:19:16', '2019-12-19 13:19:16'),
(47, 10, 102, 15, '104.236.26.111', '2019-12-20 03:11:01', '2019-12-20 03:11:01'),
(48, 30, 82, 14, '104.236.26.111', '2019-12-30 05:12:03', '2019-12-30 05:12:03'),
(49, 31, 93, 15, '104.236.26.111', '2019-12-30 08:21:51', '2019-12-30 08:21:51'),
(50, 32, 93, 15, '104.236.26.111', '2019-12-30 08:28:23', '2019-12-30 08:28:23'),
(51, 33, 94, 15, '104.236.26.111', '2019-12-30 08:39:15', '2019-12-30 08:39:15'),
(52, 34, 94, 15, '104.236.26.111', '2019-12-30 08:42:19', '2019-12-30 08:42:19'),
(53, 35, 98, 15, '104.236.26.111', '2019-12-30 08:47:48', '2019-12-30 08:47:48'),
(54, 36, 98, 15, '104.236.26.111', '2019-12-30 08:50:53', '2019-12-30 08:50:53'),
(55, 37, 99, 15, '104.236.26.111', '2019-12-30 08:55:20', '2019-12-30 08:55:20'),
(56, 38, 99, 15, '104.236.26.111', '2019-12-30 08:58:41', '2019-12-30 08:58:41'),
(57, 39, 107, 15, '104.236.26.111', '2019-12-30 09:03:00', '2019-12-30 09:03:00'),
(58, 40, 107, 15, '104.236.26.111', '2019-12-30 09:05:27', '2019-12-30 09:05:27'),
(59, 41, 104, 15, '104.236.26.111', '2019-12-30 09:12:41', '2019-12-30 09:12:41'),
(60, 42, 104, 15, '104.236.26.111', '2019-12-30 09:14:04', '2019-12-30 09:14:04'),
(61, 43, 117, 15, '104.236.26.111', '2019-12-30 09:18:18', '2019-12-30 09:18:18'),
(62, 44, 117, 15, '104.236.26.111', '2019-12-30 09:19:55', '2019-12-30 09:19:55'),
(63, 45, 105, 15, '104.236.26.111', '2019-12-30 09:22:57', '2019-12-30 09:22:57'),
(64, 46, 105, 15, '104.236.26.111', '2019-12-30 09:25:34', '2019-12-30 09:25:34'),
(65, 47, 110, 15, '104.236.26.111', '2019-12-30 10:04:12', '2019-12-30 10:04:12'),
(66, 48, 110, 15, '104.236.26.111', '2019-12-30 10:06:21', '2019-12-30 10:06:21'),
(67, 49, 81, 15, '104.236.26.111', '2020-01-04 05:23:27', '2020-01-04 05:23:27'),
(68, 50, 81, 15, '104.236.26.111', '2020-01-06 15:50:16', '2020-01-06 15:50:16'),
(69, 51, 122, 15, '104.236.26.111', '2020-01-10 11:25:07', '2020-01-10 11:25:07'),
(70, 52, 124, 15, '104.236.26.111', '2020-01-10 13:43:12', '2020-01-10 13:43:12'),
(71, 53, 125, 15, '104.236.26.111', '2020-01-10 14:44:56', '2020-01-10 14:44:56'),
(72, 54, 126, 15, '104.236.26.111', '2020-01-10 16:46:44', '2020-01-10 16:46:44'),
(73, 55, 127, 15, '104.236.26.111', '2020-01-10 20:00:45', '2020-01-10 20:00:45'),
(74, 56, 128, 15, '104.236.26.111', '2020-01-11 11:54:45', '2020-01-11 11:54:45'),
(75, 59, 129, 15, '104.236.26.111', '2020-01-12 14:39:09', '2020-01-12 14:39:09'),
(76, 60, 130, 15, '104.236.26.111', '2020-01-13 11:15:16', '2020-01-13 11:15:16'),
(77, 61, 131, 15, '104.236.26.111', '2020-01-13 16:36:50', '2020-01-13 16:36:50'),
(78, 62, 132, 15, '104.236.26.111', '2020-01-14 06:53:40', '2020-01-14 06:53:40'),
(79, 19, 106, 15, '104.236.26.111', '2020-01-14 07:20:36', '2020-01-14 07:20:36'),
(80, 13, 103, 15, '104.236.26.111', '2020-01-14 07:22:43', '2020-01-14 07:22:43'),
(81, 63, 134, 15, '104.236.26.111', '2020-01-14 09:37:41', '2020-01-14 09:37:41'),
(82, 65, 133, 15, '104.236.26.111', '2020-01-14 20:55:53', '2020-01-14 20:55:53'),
(83, 66, 136, 15, '104.236.26.111', '2020-01-15 08:54:10', '2020-01-15 08:54:10'),
(84, 64, 135, 15, '104.236.26.111', '2020-01-15 10:04:47', '2020-01-15 10:04:47'),
(85, 68, 138, 15, '104.236.26.111', '2020-01-15 14:11:55', '2020-01-15 14:11:55'),
(86, 70, 141, 15, '104.236.26.111', '2020-01-16 17:36:52', '2020-01-16 17:36:52'),
(87, 72, 142, 15, '104.236.26.111', '2020-01-17 18:02:27', '2020-01-17 18:02:27');

-- --------------------------------------------------------

--
-- Table structure for table `itf_migrations`
--

CREATE TABLE `itf_migrations` (
  `migration` varchar(255) COLLATE utf8_unicode_ci NOT NULL,
  `batch` int(11) NOT NULL
) ENGINE=InnoDB DEFAULT CHARSET=utf8 COLLATE=utf8_unicode_ci;

--
-- Dumping data for table `itf_migrations`
--

INSERT INTO `itf_migrations` (`migration`, `batch`) VALUES
('2014_10_12_000000_create_users_table', 1),
('2014_10_12_100000_create_password_resets_table', 1),
('2016_12_23_185604_add_phone_to_user_table', 1),
('2017_01_05_173844_create_videos_tables', 1),
('2017_01_05_174800_install', 1),
('2017_02_01_170735_create_packages_table', 2),
('2017_02_01_185323_create_video_reviewed_table', 3),
('2017_02_01_185328_create_orders_table', 3),
('2017_02_01_185334_create_orders_detail_table', 3);

-- --------------------------------------------------------

--
-- Table structure for table `itf_orders`
--

CREATE TABLE `itf_orders` (
  `id` bigint(25) NOT NULL,
  `video_id` bigint(25) DEFAULT NULL,
  `total_price` varchar(255) COLLATE utf8_unicode_ci DEFAULT NULL,
  `total_characters` varchar(255) COLLATE utf8_unicode_ci DEFAULT NULL,
  `total_mentor` varchar(255) COLLATE utf8_unicode_ci DEFAULT NULL,
  `status` tinyint(4) NOT NULL DEFAULT '1',
  `created_at` timestamp NULL DEFAULT NULL,
  `updated_at` timestamp NULL DEFAULT NULL
) ENGINE=InnoDB DEFAULT CHARSET=utf8 COLLATE=utf8_unicode_ci;

--
-- Dumping data for table `itf_orders`
--

INSERT INTO `itf_orders` (`id`, `video_id`, `total_price`, `total_characters`, `total_mentor`, `status`, `created_at`, `updated_at`) VALUES
(15, 25, '800', '700', '1', 1, '2018-03-26 06:31:40', '2018-03-26 06:31:40'),
(16, 28, '1400', '1300', '11', 1, '2018-04-03 19:03:35', '2018-04-03 19:03:35'),
(17, 31, '500', '500', '1', 1, '2018-04-06 07:10:39', '2018-04-06 07:10:39'),
(18, 32, '100', '100', '1', 1, '2018-04-11 06:30:52', '2018-04-11 06:30:52'),
(19, 29, '100', '100', '6', 1, '2018-04-11 07:42:08', '2018-04-11 07:42:08'),
(20, 32, '100', '100', '1', 1, '2018-04-11 10:33:54', '2018-04-11 10:33:54'),
(21, 33, '100', '100', '2', 1, '2018-04-11 15:08:24', '2018-04-11 15:08:24'),
(22, 35, '500', '500', '11', 1, '2018-04-20 07:39:50', '2018-04-20 07:39:50'),
(23, 36, '800', '700', '10', 1, '2018-04-20 10:24:08', '2018-04-20 10:24:08'),
(24, 55, '100', '100', '1', 1, '2018-07-18 07:18:40', '2018-07-18 07:18:40'),
(25, 58, '500', '500', '1', 1, '2018-07-27 11:21:29', '2018-07-27 11:21:29'),
(26, 60, '800', '700', '1', 1, '2018-08-01 17:50:12', '2018-08-01 17:50:12'),
(27, 61, '800', '700', '1', 1, '2018-08-01 17:56:29', '2018-08-01 17:56:29'),
(28, 62, '100', '100', '1', 1, '2018-08-05 09:46:04', '2018-08-05 09:46:04'),
(29, 63, '100', '100', '1', 1, '2018-08-15 07:25:16', '2018-08-15 07:25:16'),
(30, 72, '100', '100', '1', 1, '2018-08-15 07:25:56', '2018-08-15 07:25:56'),
(31, 74, '100', '100', '1', 1, '2018-08-27 10:47:10', '2018-08-27 10:47:10'),
(32, 75, '100', '100', '1', 1, '2018-08-28 07:38:15', '2018-08-28 07:38:15'),
(33, 76, '100', '100', '1', 1, '2018-08-28 07:40:16', '2018-08-28 07:40:16'),
(34, 77, '100', '100', '1', 1, '2018-08-28 09:37:32', '2018-08-28 09:37:32'),
(35, 78, '100', '100', '1', 1, '2018-08-29 06:04:59', '2018-08-29 06:04:59'),
(36, 79, '100', '100', '2', 1, '2018-09-05 06:36:57', '2018-09-05 06:36:57'),
(37, 79, '100', '100', '2', 1, '2018-09-05 06:36:58', '2018-09-05 06:36:58'),
(38, 80, '100', '100', '1', 1, '2018-09-27 06:01:56', '2018-09-27 06:01:56'),
(39, 81, '100', '100', '1', 1, '2018-09-27 09:05:00', '2018-09-27 09:05:00'),
(40, 82, '0', '1000', '1', 1, '2018-10-24 04:17:17', '2018-10-24 04:17:17'),
(41, 84, '0', '1000', '1', 1, '2018-11-05 05:59:32', '2018-11-05 05:59:32'),
(42, 73, '100', '100', '1', 1, '2018-12-31 12:34:50', '2018-12-31 12:34:50'),
(43, 85, '0', '1000', '1', 1, '2018-12-31 12:38:53', '2018-12-31 12:38:53'),
(44, 86, '0', '1000', '1', 1, '2019-01-03 04:34:58', '2019-01-03 04:34:58'),
(45, 87, '0', '1000', '1', 1, '2019-01-03 05:19:24', '2019-01-03 05:19:24'),
(46, 90, '800', '700', '1', 1, '2019-01-11 14:58:36', '2019-01-11 14:58:36'),
(47, 91, '800', '700', '2', 1, '2019-02-03 16:49:28', '2019-02-03 16:49:28'),
(48, 92, '800', '700', '2', 1, '2019-02-03 17:01:44', '2019-02-03 17:01:44'),
(49, 93, '100', '100', '1', 1, '2019-02-20 07:04:45', '2019-02-20 07:04:45'),
(50, 94, '800', '700', '1', 1, '2019-02-20 11:20:10', '2019-02-20 11:20:10'),
(51, 95, '800', '700', '1', 1, '2019-02-20 11:28:41', '2019-02-20 11:28:41'),
(52, 96, '800', '700', '1', 1, '2019-02-20 11:32:21', '2019-02-20 11:32:21'),
(53, 97, '800', '700', '1', 1, '2019-02-21 04:24:31', '2019-02-21 04:24:31'),
(54, 98, '100', '100', '1', 1, '2019-02-21 04:39:12', '2019-02-21 04:39:12'),
(55, 99, '100', '100', '1', 1, '2019-02-26 05:48:57', '2019-02-26 05:48:57'),
(56, 100, '100', '100', '1', 1, '2019-02-26 06:05:17', '2019-02-26 06:05:17'),
(57, 88, '100', '100', '1', 1, '2019-02-26 06:32:55', '2019-02-26 06:32:55'),
(58, 101, '100', '100', '1', 1, '2019-04-11 08:00:15', '2019-04-11 08:00:15'),
(59, 102, '100', '100', '1', 1, '2019-04-12 07:58:23', '2019-04-12 07:58:23'),
(60, 103, '100', '100', '1', 1, '2019-04-12 09:14:18', '2019-04-12 09:14:18'),
(61, 105, '800', '700', '1', 1, '2019-04-12 11:34:45', '2019-04-12 11:34:45'),
(62, 106, '800', '700', '1', 1, '2019-04-12 11:38:58', '2019-04-12 11:38:58'),
(63, 107, '800', '700', '1', 1, '2019-04-12 11:42:27', '2019-04-12 11:42:27'),
(64, 108, '800', '700', '1', 1, '2019-04-22 07:12:12', '2019-04-22 07:12:12'),
(65, 109, '800', '700', '1', 1, '2019-04-22 07:16:46', '2019-04-22 07:16:46'),
(66, 110, '800', '700', '1', 1, '2019-04-22 07:28:55', '2019-04-22 07:28:55'),
(67, 111, '100', '100', '1', 1, '2019-04-23 04:43:21', '2019-04-23 04:43:21'),
(68, 112, '500', '500', '1', 1, '2019-04-25 01:28:08', '2019-04-25 01:28:08'),
(69, 113, '800', '700', '1', 1, '2019-04-25 01:29:13', '2019-04-25 01:29:13'),
(70, 114, '800', '700', '1', 1, '2019-04-25 01:32:07', '2019-04-25 01:32:07'),
(71, 115, '800', '700', '1', 1, '2019-04-25 01:37:09', '2019-04-25 01:37:09'),
(72, 116, '100', '100', '1', 1, '2019-04-25 01:44:00', '2019-04-25 01:44:00'),
(73, 117, '800', '700', '1', 1, '2019-04-25 04:56:45', '2019-04-25 04:56:45'),
(74, 118, '100', '100', '1', 1, '2019-04-25 04:59:55', '2019-04-25 04:59:55'),
(75, 120, '100', '100', '1', 1, '2019-04-26 04:12:45', '2019-04-26 04:12:45'),
(76, 121, '800', '700', '1', 1, '2019-05-10 16:59:53', '2019-05-10 16:59:53'),
(77, 122, '100', '100', '2', 1, '2019-05-16 12:01:33', '2019-05-16 12:01:33'),
(78, 126, '100', '100', '1', 1, '2019-05-23 11:21:12', '2019-05-23 11:21:12'),
(79, 127, '100', '100', '3', 1, '2019-05-28 08:32:29', '2019-05-28 08:32:29'),
(80, 127, '100', '100', '3', 1, '2019-05-28 08:33:10', '2019-05-28 08:33:10'),
(81, 128, '100', '100', '3', 1, '2019-05-28 08:53:04', '2019-05-28 08:53:04'),
(82, 129, '600', '600', '2', 1, '2019-05-28 11:12:19', '2019-05-28 11:12:19'),
(83, 129, '600', '600', '2', 1, '2019-05-28 11:27:24', '2019-05-28 11:27:24'),
(84, 130, '600', '600', '2', 1, '2019-05-29 21:50:07', '2019-05-29 21:50:07'),
(85, 131, '100', '100', '2', 1, '2019-05-30 08:43:05', '2019-05-30 08:43:05'),
(86, 132, '100', '100', '4', 1, '2019-05-30 08:45:50', '2019-05-30 08:45:50'),
(87, 133, '100', '100', '2', 1, '2019-05-30 09:06:08', '2019-05-30 09:06:08'),
(88, 135, '100', '100', '1', 1, '2019-05-31 10:24:57', '2019-05-31 10:24:57'),
(89, 136, '100', '100', '1', 1, '2019-05-31 10:34:47', '2019-05-31 10:34:47'),
(90, 138, '100', '100', '1', 1, '2019-06-06 06:44:52', '2019-06-06 06:44:52'),
(91, 146, '800', '700', '2', 1, '2019-07-10 09:35:18', '2019-07-10 09:35:18'),
(92, 149, '800', '700', '1', 1, '2019-07-24 05:00:39', '2019-07-24 05:00:39'),
(93, 150, '800', '700', '1', 1, '2019-08-06 04:45:51', '2019-08-06 04:45:51'),
(94, 137, '800', '700', '1', 1, '2019-08-06 11:02:16', '2019-08-06 11:02:16'),
(95, 4, '800', '700', '1', 1, '2019-12-09 07:11:52', '2019-12-09 07:11:52'),
(96, 5, '800', '700', '1', 1, '2019-12-09 11:00:29', '2019-12-09 11:00:29'),
(97, 6, '800', '700', '1', 1, '2019-12-09 13:05:39', '2019-12-09 13:05:39'),
(98, 7, '800', '700', '1', 1, '2019-12-09 13:29:33', '2019-12-09 13:29:33'),
(99, 8, '800', '700', '1', 1, '2019-12-09 15:19:40', '2019-12-09 15:19:40'),
(100, 9, '800', '700', '1', 1, '2019-12-09 15:45:32', '2019-12-09 15:45:32'),
(101, 12, '800', '700', '1', 1, '2019-12-09 19:41:23', '2019-12-09 19:41:23'),
(102, 11, '800', '700', '1', 1, '2019-12-10 04:52:34', '2019-12-10 04:52:34'),
(103, 15, '800', '700', '1', 1, '2019-12-10 15:00:30', '2019-12-10 15:00:30'),
(104, 14, '800', '700', '1', 1, '2019-12-10 15:01:02', '2019-12-10 15:01:02'),
(105, 16, '800', '700', '1', 1, '2019-12-10 18:20:53', '2019-12-10 18:20:53'),
(106, 17, '800', '700', '1', 1, '2019-12-11 07:59:29', '2019-12-11 07:59:29'),
(107, 20, '800', '700', '1', 1, '2019-12-12 11:48:54', '2019-12-12 11:48:54'),
(108, 21, '800', '700', '1', 1, '2019-12-12 15:57:24', '2019-12-12 15:57:24'),
(109, 22, '800', '700', '1', 1, '2019-12-13 11:39:20', '2019-12-13 11:39:20'),
(110, 23, '800', '700', '1', 1, '2019-12-13 13:04:22', '2019-12-13 13:04:22'),
(111, 24, '800', '700', '1', 1, '2019-12-13 22:30:53', '2019-12-13 22:30:53'),
(112, 25, '800', '700', '1', 1, '2019-12-16 11:14:10', '2019-12-16 11:14:10'),
(113, 26, '800', '700', '1', 1, '2019-12-16 13:09:00', '2019-12-16 13:09:00'),
(114, 28, '800', '700', '1', 1, '2019-12-18 11:26:44', '2019-12-18 11:26:44'),
(115, 29, '800', '700', '1', 1, '2019-12-19 13:19:16', '2019-12-19 13:19:16'),
(116, 10, '800', '700', '1', 1, '2019-12-20 03:11:01', '2019-12-20 03:11:01'),
(117, 30, '900', '800', '1', 1, '2019-12-30 05:12:03', '2019-12-30 05:12:03'),
(118, 31, '800', '700', '1', 1, '2019-12-30 08:21:51', '2019-12-30 08:21:51'),
(119, 32, '800', '700', '1', 1, '2019-12-30 08:28:23', '2019-12-30 08:28:23'),
(120, 33, '800', '700', '1', 1, '2019-12-30 08:39:15', '2019-12-30 08:39:15'),
(121, 34, '800', '700', '1', 1, '2019-12-30 08:42:19', '2019-12-30 08:42:19'),
(122, 35, '800', '700', '1', 1, '2019-12-30 08:47:48', '2019-12-30 08:47:48'),
(123, 36, '800', '700', '1', 1, '2019-12-30 08:50:53', '2019-12-30 08:50:53'),
(124, 37, '800', '700', '1', 1, '2019-12-30 08:55:20', '2019-12-30 08:55:20'),
(125, 38, '800', '700', '1', 1, '2019-12-30 08:58:41', '2019-12-30 08:58:41'),
(126, 39, '800', '700', '1', 1, '2019-12-30 09:03:00', '2019-12-30 09:03:00'),
(127, 40, '800', '700', '1', 1, '2019-12-30 09:05:27', '2019-12-30 09:05:27'),
(128, 41, '800', '700', '1', 1, '2019-12-30 09:12:41', '2019-12-30 09:12:41'),
(129, 42, '800', '700', '1', 1, '2019-12-30 09:14:04', '2019-12-30 09:14:04'),
(130, 43, '800', '700', '1', 1, '2019-12-30 09:18:18', '2019-12-30 09:18:18'),
(131, 44, '800', '700', '1', 1, '2019-12-30 09:19:55', '2019-12-30 09:19:55'),
(132, 45, '800', '700', '1', 1, '2019-12-30 09:22:57', '2019-12-30 09:22:57'),
(133, 46, '800', '700', '1', 1, '2019-12-30 09:25:34', '2019-12-30 09:25:34'),
(134, 47, '800', '700', '1', 1, '2019-12-30 10:04:12', '2019-12-30 10:04:12'),
(135, 48, '800', '700', '1', 1, '2019-12-30 10:06:21', '2019-12-30 10:06:21'),
(136, 49, '800', '700', '1', 1, '2020-01-04 05:23:27', '2020-01-04 05:23:27'),
(137, 50, '800', '700', '1', 1, '2020-01-06 15:50:16', '2020-01-06 15:50:16'),
(138, 51, '800', '700', '1', 1, '2020-01-10 11:25:07', '2020-01-10 11:25:07'),
(139, 52, '800', '700', '1', 1, '2020-01-10 13:43:12', '2020-01-10 13:43:12'),
(140, 53, '800', '700', '1', 1, '2020-01-10 14:44:56', '2020-01-10 14:44:56'),
(141, 54, '800', '700', '1', 1, '2020-01-10 16:46:44', '2020-01-10 16:46:44'),
(142, 55, '800', '700', '1', 1, '2020-01-10 20:00:45', '2020-01-10 20:00:45'),
(143, 56, '800', '700', '1', 1, '2020-01-11 11:54:45', '2020-01-11 11:54:45'),
(144, 59, '800', '700', '1', 1, '2020-01-12 14:39:09', '2020-01-12 14:39:09'),
(145, 60, '800', '700', '1', 1, '2020-01-13 11:15:16', '2020-01-13 11:15:16'),
(146, 61, '800', '700', '1', 1, '2020-01-13 16:36:50', '2020-01-13 16:36:50'),
(147, 62, '800', '700', '1', 1, '2020-01-14 06:53:40', '2020-01-14 06:53:40'),
(148, 19, '800', '700', '1', 1, '2020-01-14 07:20:36', '2020-01-14 07:20:36'),
(149, 13, '800', '700', '1', 1, '2020-01-14 07:22:43', '2020-01-14 07:22:43'),
(150, 63, '800', '700', '1', 1, '2020-01-14 09:37:41', '2020-01-14 09:37:41'),
(151, 65, '800', '700', '1', 1, '2020-01-14 20:55:53', '2020-01-14 20:55:53'),
(152, 66, '800', '700', '1', 1, '2020-01-15 08:54:10', '2020-01-15 08:54:10'),
(153, 64, '800', '700', '1', 1, '2020-01-15 10:04:47', '2020-01-15 10:04:47'),
(154, 68, '800', '700', '1', 1, '2020-01-15 14:11:55', '2020-01-15 14:11:55'),
(155, 70, '800', '700', '1', 1, '2020-01-16 17:36:52', '2020-01-16 17:36:52'),
(156, 71, '100', '100', '1', 1, '2020-01-17 04:24:56', '2020-01-17 04:24:56'),
(157, 72, '800', '700', '1', 1, '2020-01-17 18:02:27', '2020-01-17 18:02:27');

-- --------------------------------------------------------

--
-- Table structure for table `itf_orders_detail`
--

CREATE TABLE `itf_orders_detail` (
  `id` int(25) UNSIGNED NOT NULL,
  `order_id` bigint(25) DEFAULT NULL,
  `package_id` bigint(25) DEFAULT NULL,
  `title` varchar(255) COLLATE utf8_unicode_ci DEFAULT NULL,
  `price` varchar(255) COLLATE utf8_unicode_ci DEFAULT NULL,
  `total_characters` varchar(255) COLLATE utf8_unicode_ci DEFAULT NULL,
  `status` tinyint(4) NOT NULL DEFAULT '1',
  `created_at` timestamp NULL DEFAULT NULL,
  `updated_at` timestamp NULL DEFAULT NULL
) ENGINE=InnoDB DEFAULT CHARSET=utf8 COLLATE=utf8_unicode_ci;

--
-- Dumping data for table `itf_orders_detail`
--

INSERT INTO `itf_orders_detail` (`id`, `order_id`, `package_id`, `title`, `price`, `total_characters`, `status`, `created_at`, `updated_at`) VALUES
(16, 15, 3, 'Elite', '800', '700', 1, '2018-03-26 06:31:40', '2018-03-26 06:31:40'),
(17, 16, 1, 'Executive', '100', '100', 1, '2018-04-03 19:03:35', '2018-04-03 19:03:35'),
(18, 16, 2, 'Middle', '500', '500', 1, '2018-04-03 19:03:35', '2018-04-03 19:03:35'),
(19, 16, 3, 'Elite', '800', '700', 1, '2018-04-03 19:03:35', '2018-04-03 19:03:35'),
(20, 17, 2, 'Middle', '500', '500', 1, '2018-04-06 07:10:39', '2018-04-06 07:10:39'),
(21, 18, 1, 'Executive', '100', '100', 1, '2018-04-11 06:30:52', '2018-04-11 06:30:52'),
(22, 19, 1, 'Executive', '100', '100', 1, '2018-04-11 07:42:08', '2018-04-11 07:42:08'),
(23, 20, 1, 'Executive', '100', '100', 1, '2018-04-11 10:33:54', '2018-04-11 10:33:54'),
(24, 21, 1, 'Executive', '100', '100', 1, '2018-04-11 15:08:24', '2018-04-11 15:08:24'),
(25, 22, 2, 'Middle', '500', '500', 1, '2018-04-20 07:39:50', '2018-04-20 07:39:50'),
(26, 23, 3, 'Elite', '800', '700', 1, '2018-04-20 10:24:08', '2018-04-20 10:24:08'),
(27, 24, 1, 'Executive', '100', '100', 1, '2018-07-18 07:18:40', '2018-07-18 07:18:40'),
(28, 25, 2, 'Middle', '500', '500', 1, '2018-07-27 11:21:29', '2018-07-27 11:21:29'),
(29, 26, 3, 'Elite', '800', '700', 1, '2018-08-01 17:50:12', '2018-08-01 17:50:12'),
(30, 27, 3, 'Elite', '800', '700', 1, '2018-08-01 17:56:29', '2018-08-01 17:56:29'),
(31, 28, 1, 'Executive', '100', '100', 1, '2018-08-05 09:46:04', '2018-08-05 09:46:04'),
(32, 29, 1, 'Executive', '100', '100', 1, '2018-08-15 07:25:16', '2018-08-15 07:25:16'),
(33, 30, 1, 'Executive', '100', '100', 1, '2018-08-15 07:25:56', '2018-08-15 07:25:56'),
(34, 31, 1, 'Executive', '100', '100', 1, '2018-08-27 10:47:10', '2018-08-27 10:47:10'),
(35, 32, 1, 'Executive', '100', '100', 1, '2018-08-28 07:38:15', '2018-08-28 07:38:15'),
(36, 33, 1, 'Executive', '100', '100', 1, '2018-08-28 07:40:16', '2018-08-28 07:40:16'),
(37, 34, 1, 'Executive', '100', '100', 1, '2018-08-28 09:37:32', '2018-08-28 09:37:32'),
(38, 35, 1, 'Executive', '100', '100', 1, '2018-08-29 06:04:59', '2018-08-29 06:04:59'),
(39, 36, 1, 'Executive', '100', '100', 1, '2018-09-05 06:36:57', '2018-09-05 06:36:57'),
(40, 37, 1, 'Executive', '100', '100', 1, '2018-09-05 06:36:58', '2018-09-05 06:36:58'),
(41, 38, 1, 'Executive', '100', '100', 1, '2018-09-27 06:01:56', '2018-09-27 06:01:56'),
(42, 39, 1, 'Executive', '100', '100', 1, '2018-09-27 09:05:00', '2018-09-27 09:05:00'),
(43, 40, 4, 'Corporate', '0', '1000', 1, '2018-10-24 04:17:17', '2018-10-24 04:17:17'),
(44, 41, 4, 'Corporate', '0', '1000', 1, '2018-11-05 05:59:32', '2018-11-05 05:59:32'),
(45, 42, 1, 'Executive', '100', '100', 1, '2018-12-31 12:34:50', '2018-12-31 12:34:50'),
(46, 43, 4, 'Corporate', '0', '1000', 1, '2018-12-31 12:38:53', '2018-12-31 12:38:53'),
(47, 44, 4, 'Corporate', '0', '1000', 1, '2019-01-03 04:34:58', '2019-01-03 04:34:58'),
(48, 45, 4, 'Corporate', '0', '1000', 1, '2019-01-03 05:19:24', '2019-01-03 05:19:24'),
(49, 46, 3, 'Elite', '800', '700', 1, '2019-01-11 14:58:36', '2019-01-11 14:58:36'),
(50, 47, 3, 'Elite', '800', '700', 1, '2019-02-03 16:49:28', '2019-02-03 16:49:28'),
(51, 48, 3, 'Elite', '800', '700', 1, '2019-02-03 17:01:44', '2019-02-03 17:01:44'),
(52, 49, 1, 'Executive', '100', '100', 1, '2019-02-20 07:04:45', '2019-02-20 07:04:45'),
(53, 50, 3, 'Elite', '800', '700', 1, '2019-02-20 11:20:10', '2019-02-20 11:20:10'),
(54, 51, 3, 'Elite', '800', '700', 1, '2019-02-20 11:28:41', '2019-02-20 11:28:41'),
(55, 52, 3, 'Elite', '800', '700', 1, '2019-02-20 11:32:21', '2019-02-20 11:32:21'),
(56, 53, 3, 'Elite', '800', '700', 1, '2019-02-21 04:24:31', '2019-02-21 04:24:31'),
(57, 54, 1, 'Executive', '100', '100', 1, '2019-02-21 04:39:12', '2019-02-21 04:39:12'),
(58, 55, 1, 'Executive', '100', '100', 1, '2019-02-26 05:48:57', '2019-02-26 05:48:57'),
(59, 56, 1, 'Executive', '100', '100', 1, '2019-02-26 06:05:17', '2019-02-26 06:05:17'),
(60, 57, 1, 'Executive', '100', '100', 1, '2019-02-26 06:32:55', '2019-02-26 06:32:55'),
(61, 58, 1, 'Executive', '100', '100', 1, '2019-04-11 08:00:15', '2019-04-11 08:00:15'),
(62, 59, 1, 'Executive', '100', '100', 1, '2019-04-12 07:58:23', '2019-04-12 07:58:23'),
(63, 60, 1, 'Executive', '100', '100', 1, '2019-04-12 09:14:18', '2019-04-12 09:14:18'),
(64, 61, 3, 'Elite', '800', '700', 1, '2019-04-12 11:34:45', '2019-04-12 11:34:45'),
(65, 62, 3, 'Elite', '800', '700', 1, '2019-04-12 11:38:58', '2019-04-12 11:38:58'),
(66, 63, 3, 'Elite', '800', '700', 1, '2019-04-12 11:42:27', '2019-04-12 11:42:27'),
(67, 64, 3, 'Elite', '800', '700', 1, '2019-04-22 07:12:12', '2019-04-22 07:12:12'),
(68, 65, 3, 'Elite', '800', '700', 1, '2019-04-22 07:16:46', '2019-04-22 07:16:46'),
(69, 66, 3, 'Elite', '800', '700', 1, '2019-04-22 07:28:55', '2019-04-22 07:28:55'),
(70, 67, 1, 'Executive', '100', '100', 1, '2019-04-23 04:43:21', '2019-04-23 04:43:21'),
(71, 68, 2, 'Middle', '500', '500', 1, '2019-04-25 01:28:08', '2019-04-25 01:28:08'),
(72, 69, 3, 'Elite', '800', '700', 1, '2019-04-25 01:29:13', '2019-04-25 01:29:13'),
(73, 70, 3, 'Elite', '800', '700', 1, '2019-04-25 01:32:07', '2019-04-25 01:32:07'),
(74, 71, 3, 'Elite', '800', '700', 1, '2019-04-25 01:37:09', '2019-04-25 01:37:09'),
(75, 72, 1, 'Executive', '100', '100', 1, '2019-04-25 01:44:00', '2019-04-25 01:44:00'),
(76, 73, 3, 'Elite', '800', '700', 1, '2019-04-25 04:56:45', '2019-04-25 04:56:45'),
(77, 74, 1, 'Executive', '100', '100', 1, '2019-04-25 04:59:55', '2019-04-25 04:59:55'),
(78, 75, 1, 'Executive', '100', '100', 1, '2019-04-26 04:12:45', '2019-04-26 04:12:45'),
(79, 76, 3, 'Elite', '800', '700', 1, '2019-05-10 16:59:53', '2019-05-10 16:59:53'),
(80, 77, 1, 'Executive', '100', '100', 1, '2019-05-16 12:01:33', '2019-05-16 12:01:33'),
(81, 78, 1, 'Executive', '100', '100', 1, '2019-05-23 11:21:12', '2019-05-23 11:21:12'),
(82, 79, 1, 'Executive', '100', '100', 1, '2019-05-28 08:32:29', '2019-05-28 08:32:29'),
(83, 80, 1, 'Executive', '100', '100', 1, '2019-05-28 08:33:10', '2019-05-28 08:33:10'),
(84, 81, 1, 'Executive', '100', '100', 1, '2019-05-28 08:53:04', '2019-05-28 08:53:04'),
(85, 82, 1, 'Executive', '100', '100', 1, '2019-05-28 11:12:19', '2019-05-28 11:12:19'),
(86, 82, 2, 'Middle', '500', '500', 1, '2019-05-28 11:12:19', '2019-05-28 11:12:19'),
(87, 83, 1, 'Executive', '100', '100', 1, '2019-05-28 11:27:24', '2019-05-28 11:27:24'),
(88, 83, 2, 'Middle', '500', '500', 1, '2019-05-28 11:27:24', '2019-05-28 11:27:24'),
(89, 84, 1, 'Executive', '100', '100', 1, '2019-05-29 21:50:07', '2019-05-29 21:50:07'),
(90, 84, 2, 'Middle', '500', '500', 1, '2019-05-29 21:50:07', '2019-05-29 21:50:07'),
(91, 85, 1, 'Executive', '100', '100', 1, '2019-05-30 08:43:05', '2019-05-30 08:43:05'),
(92, 86, 1, 'Executive', '100', '100', 1, '2019-05-30 08:45:50', '2019-05-30 08:45:50'),
(93, 87, 1, 'Executive', '100', '100', 1, '2019-05-30 09:06:08', '2019-05-30 09:06:08'),
(94, 88, 1, 'Executive', '100', '100', 1, '2019-05-31 10:24:57', '2019-05-31 10:24:57'),
(95, 89, 1, 'Executive-100 words', '100', '100', 1, '2019-05-31 10:34:47', '2019-05-31 10:34:47'),
(96, 90, 1, 'Executive-100 words', '100', '100', 1, '2019-06-06 06:44:52', '2019-06-06 06:44:52'),
(97, 91, 3, 'Elite - 700 words', '800', '700', 1, '2019-07-10 09:35:18', '2019-07-10 09:35:18'),
(98, 92, 3, 'Elite - 700 words', '800', '700', 1, '2019-07-24 05:00:39', '2019-07-24 05:00:39'),
(99, 93, 3, 'Elite - 700 words', '800', '700', 1, '2019-08-06 04:45:51', '2019-08-06 04:45:51'),
(100, 94, 3, 'Elite - 700 words', '800', '700', 1, '2019-08-06 11:02:16', '2019-08-06 11:02:16'),
(101, 95, 3, 'Elite - 700 words', '800', '700', 1, '2019-12-09 07:11:52', '2019-12-09 07:11:52'),
(102, 96, 3, 'Elite - 700 words', '800', '700', 1, '2019-12-09 11:00:29', '2019-12-09 11:00:29'),
(103, 97, 3, 'Elite - 700 words', '800', '700', 1, '2019-12-09 13:05:39', '2019-12-09 13:05:39'),
(104, 98, 3, 'Elite - 700 words', '800', '700', 1, '2019-12-09 13:29:33', '2019-12-09 13:29:33'),
(105, 99, 3, 'Elite - 700 words', '800', '700', 1, '2019-12-09 15:19:40', '2019-12-09 15:19:40'),
(106, 100, 3, 'Elite - 700 words', '800', '700', 1, '2019-12-09 15:45:32', '2019-12-09 15:45:32'),
(107, 101, 3, 'Elite - 700 words', '800', '700', 1, '2019-12-09 19:41:23', '2019-12-09 19:41:23'),
(108, 102, 3, 'Elite - 700 words', '800', '700', 1, '2019-12-10 04:52:34', '2019-12-10 04:52:34'),
(109, 103, 3, 'Elite - 700 words', '800', '700', 1, '2019-12-10 15:00:30', '2019-12-10 15:00:30'),
(110, 104, 3, 'Elite - 700 words', '800', '700', 1, '2019-12-10 15:01:02', '2019-12-10 15:01:02'),
(111, 105, 3, 'Elite - 700 words', '800', '700', 1, '2019-12-10 18:20:53', '2019-12-10 18:20:53'),
(112, 106, 3, 'Elite - 700 words', '800', '700', 1, '2019-12-11 07:59:29', '2019-12-11 07:59:29'),
(113, 107, 3, 'Elite - 700 words', '800', '700', 1, '2019-12-12 11:48:54', '2019-12-12 11:48:54'),
(114, 108, 3, 'Elite - 700 words', '800', '700', 1, '2019-12-12 15:57:24', '2019-12-12 15:57:24'),
(115, 109, 3, 'Elite - 700 words', '800', '700', 1, '2019-12-13 11:39:20', '2019-12-13 11:39:20'),
(116, 110, 3, 'Elite - 700 words', '800', '700', 1, '2019-12-13 13:04:22', '2019-12-13 13:04:22'),
(117, 111, 3, 'Elite - 700 words', '800', '700', 1, '2019-12-13 22:30:53', '2019-12-13 22:30:53'),
(118, 112, 3, 'Elite - 700 words', '800', '700', 1, '2019-12-16 11:14:10', '2019-12-16 11:14:10'),
(119, 113, 3, 'Elite - 700 words', '800', '700', 1, '2019-12-16 13:09:00', '2019-12-16 13:09:00'),
(120, 114, 3, 'Elite - 700 words', '800', '700', 1, '2019-12-18 11:26:44', '2019-12-18 11:26:44'),
(121, 115, 3, 'Elite - 700 words', '800', '700', 1, '2019-12-19 13:19:16', '2019-12-19 13:19:16'),
(122, 116, 3, 'Elite - 700 words', '800', '700', 1, '2019-12-20 03:11:01', '2019-12-20 03:11:01'),
(123, 117, 1, 'Executive-100 words', '100', '100', 1, '2019-12-30 05:12:03', '2019-12-30 05:12:03'),
(124, 117, 3, 'Elite - 700 words', '800', '700', 1, '2019-12-30 05:12:03', '2019-12-30 05:12:03'),
(125, 118, 3, 'Elite - 700 words', '800', '700', 1, '2019-12-30 08:21:51', '2019-12-30 08:21:51'),
(126, 119, 3, 'Elite - 700 words', '800', '700', 1, '2019-12-30 08:28:23', '2019-12-30 08:28:23'),
(127, 120, 3, 'Elite - 700 words', '800', '700', 1, '2019-12-30 08:39:15', '2019-12-30 08:39:15'),
(128, 121, 3, 'Elite - 700 words', '800', '700', 1, '2019-12-30 08:42:19', '2019-12-30 08:42:19'),
(129, 122, 3, 'Elite - 700 words', '800', '700', 1, '2019-12-30 08:47:48', '2019-12-30 08:47:48'),
(130, 123, 3, 'Elite - 700 words', '800', '700', 1, '2019-12-30 08:50:53', '2019-12-30 08:50:53'),
(131, 124, 3, 'Elite - 700 words', '800', '700', 1, '2019-12-30 08:55:20', '2019-12-30 08:55:20'),
(132, 125, 3, 'Elite - 700 words', '800', '700', 1, '2019-12-30 08:58:41', '2019-12-30 08:58:41'),
(133, 126, 3, 'Elite - 700 words', '800', '700', 1, '2019-12-30 09:03:00', '2019-12-30 09:03:00'),
(134, 127, 3, 'Elite - 700 words', '800', '700', 1, '2019-12-30 09:05:27', '2019-12-30 09:05:27'),
(135, 128, 3, 'Elite - 700 words', '800', '700', 1, '2019-12-30 09:12:41', '2019-12-30 09:12:41'),
(136, 129, 3, 'Elite - 700 words', '800', '700', 1, '2019-12-30 09:14:04', '2019-12-30 09:14:04'),
(137, 130, 3, 'Elite - 700 words', '800', '700', 1, '2019-12-30 09:18:18', '2019-12-30 09:18:18'),
(138, 131, 3, 'Elite - 700 words', '800', '700', 1, '2019-12-30 09:19:55', '2019-12-30 09:19:55'),
(139, 132, 3, 'Elite - 700 words', '800', '700', 1, '2019-12-30 09:22:57', '2019-12-30 09:22:57'),
(140, 133, 3, 'Elite - 700 words', '800', '700', 1, '2019-12-30 09:25:34', '2019-12-30 09:25:34'),
(141, 134, 3, 'Elite - 700 words', '800', '700', 1, '2019-12-30 10:04:12', '2019-12-30 10:04:12'),
(142, 135, 3, 'Elite - 700 words', '800', '700', 1, '2019-12-30 10:06:21', '2019-12-30 10:06:21'),
(143, 136, 3, 'Elite - 700 words', '800', '700', 1, '2020-01-04 05:23:27', '2020-01-04 05:23:27'),
(144, 137, 3, 'Elite - 700 words', '800', '700', 1, '2020-01-06 15:50:16', '2020-01-06 15:50:16'),
(145, 138, 3, 'Elite - 700 words', '800', '700', 1, '2020-01-10 11:25:07', '2020-01-10 11:25:07'),
(146, 139, 3, 'Elite - 700 words', '800', '700', 1, '2020-01-10 13:43:12', '2020-01-10 13:43:12'),
(147, 140, 3, 'Elite - 700 words', '800', '700', 1, '2020-01-10 14:44:56', '2020-01-10 14:44:56'),
(148, 141, 3, 'Elite - 700 words', '800', '700', 1, '2020-01-10 16:46:44', '2020-01-10 16:46:44'),
(149, 142, 3, 'Elite - 700 words', '800', '700', 1, '2020-01-10 20:00:45', '2020-01-10 20:00:45'),
(150, 143, 3, 'Elite - 700 words', '800', '700', 1, '2020-01-11 11:54:45', '2020-01-11 11:54:45'),
(151, 144, 3, 'Elite - 700 words', '800', '700', 1, '2020-01-12 14:39:09', '2020-01-12 14:39:09'),
(152, 145, 3, 'Elite - 700 words', '800', '700', 1, '2020-01-13 11:15:16', '2020-01-13 11:15:16'),
(153, 146, 3, 'Elite - 700 words', '800', '700', 1, '2020-01-13 16:36:50', '2020-01-13 16:36:50'),
(154, 147, 3, 'Elite - 700 words', '800', '700', 1, '2020-01-14 06:53:40', '2020-01-14 06:53:40'),
(155, 148, 3, 'Elite - 700 words', '800', '700', 1, '2020-01-14 07:20:36', '2020-01-14 07:20:36'),
(156, 149, 3, 'Elite - 700 words', '800', '700', 1, '2020-01-14 07:22:43', '2020-01-14 07:22:43'),
(157, 150, 3, 'Elite - 700 words', '800', '700', 1, '2020-01-14 09:37:41', '2020-01-14 09:37:41'),
(158, 151, 3, 'Elite - 700 words', '800', '700', 1, '2020-01-14 20:55:53', '2020-01-14 20:55:53'),
(159, 152, 3, 'Elite - 700 words', '800', '700', 1, '2020-01-15 08:54:10', '2020-01-15 08:54:10'),
(160, 153, 3, 'Elite - 700 words', '800', '700', 1, '2020-01-15 10:04:47', '2020-01-15 10:04:47'),
(161, 154, 3, 'Elite - 700 words', '800', '700', 1, '2020-01-15 14:11:55', '2020-01-15 14:11:55'),
(162, 155, 3, 'Elite - 700 words', '800', '700', 1, '2020-01-16 17:36:52', '2020-01-16 17:36:52'),
(163, 156, 1, 'Executive-100 words', '100', '100', 1, '2020-01-17 04:24:56', '2020-01-17 04:24:56'),
(164, 157, 3, 'Elite - 700 words', '800', '700', 1, '2020-01-17 18:02:27', '2020-01-17 18:02:27');

-- --------------------------------------------------------

--
-- Table structure for table `itf_packages`
--

CREATE TABLE `itf_packages` (
  `id` int(10) UNSIGNED NOT NULL,
  `title` varchar(255) COLLATE utf8_unicode_ci DEFAULT NULL,
  `description` longtext COLLATE utf8_unicode_ci,
  `price` varchar(255) COLLATE utf8_unicode_ci NOT NULL,
  `total_character` bigint(25) DEFAULT NULL,
  `created_at` timestamp NULL DEFAULT NULL,
  `updated_at` timestamp NULL DEFAULT NULL
) ENGINE=InnoDB DEFAULT CHARSET=utf8 COLLATE=utf8_unicode_ci;

--
-- Dumping data for table `itf_packages`
--

INSERT INTO `itf_packages` (`id`, `title`, `description`, `price`, `total_character`, `created_at`, `updated_at`) VALUES
(1, 'Executive-100 words', '100 words', '100', 100, '2017-02-01 18:30:00', '2019-05-31 10:28:10'),
(2, 'Middle-500 words', '500 words', '500', 500, '2017-02-01 18:30:00', '2019-05-31 10:28:26'),
(3, 'Elite - 700 words', '.', '800', 700, '2017-06-04 07:30:30', '2019-05-31 10:27:42');

-- --------------------------------------------------------

--
-- Table structure for table `itf_password_resets`
--

CREATE TABLE `itf_password_resets` (
  `email` varchar(255) COLLATE utf8_unicode_ci NOT NULL,
  `token` varchar(255) COLLATE utf8_unicode_ci NOT NULL,
  `created_at` timestamp NOT NULL DEFAULT CURRENT_TIMESTAMP ON UPDATE CURRENT_TIMESTAMP
) ENGINE=InnoDB DEFAULT CHARSET=utf8 COLLATE=utf8_unicode_ci;

-- --------------------------------------------------------

--
-- Table structure for table `itf_payments`
--

CREATE TABLE `itf_payments` (
  `id` int(10) NOT NULL,
  `razor_payment_id` varchar(255) NOT NULL,
  `video_id` int(10) NOT NULL,
  `user_id` int(10) NOT NULL,
  `amount` varchar(255) NOT NULL,
  `status` varchar(50) NOT NULL,
  `created_at` timestamp NOT NULL DEFAULT CURRENT_TIMESTAMP ON UPDATE CURRENT_TIMESTAMP,
  `updated_at` timestamp NOT NULL DEFAULT '0000-00-00 00:00:00'
) ENGINE=InnoDB DEFAULT CHARSET=latin1;

--
-- Dumping data for table `itf_payments`
--

INSERT INTO `itf_payments` (`id`, `razor_payment_id`, `video_id`, `user_id`, `amount`, `status`, `created_at`, `updated_at`) VALUES
(1, 'pay_Cat3fbh68d36mW', 128, 81, '300', 'paid', '2019-05-28 08:53:04', '0000-00-00 00:00:00'),
(2, 'pay_CavQjUH3CkFEoP', 129, 81, '1200', 'paid', '2019-05-28 11:12:19', '0000-00-00 00:00:00'),
(4, 'pay_CbUpb7UIbmTUYQ', 130, 81, '1200', 'paid', '2019-05-29 21:50:07', '0000-00-00 00:00:00'),
(5, 'pay_Cbg0GClH2eTPwL', 132, 81, '400', 'paid', '2019-05-30 08:45:50', '0000-00-00 00:00:00'),
(6, 'pay_E5PUMMkccoxi7X', 71, 140, '100', 'paid', '2020-01-17 04:24:56', '0000-00-00 00:00:00');

-- --------------------------------------------------------

--
-- Table structure for table `itf_profiles`
--

CREATE TABLE `itf_profiles` (
  `id` bigint(25) NOT NULL,
  `user_id` bigint(25) NOT NULL,
  `total_experience` varchar(255) DEFAULT NULL,
  `post_title` varchar(255) DEFAULT NULL,
  `description` longtext NOT NULL,
  `created_at` timestamp NULL DEFAULT NULL,
  `updated_at` timestamp NULL DEFAULT NULL,
  `status` tinyint(1) NOT NULL DEFAULT '1'
) ENGINE=InnoDB DEFAULT CHARSET=latin1;

--
-- Dumping data for table `itf_profiles`
--

INSERT INTO `itf_profiles` (`id`, `user_id`, `total_experience`, `post_title`, `description`, `created_at`, `updated_at`, `status`) VALUES
(1, 1, '12', 'Profeser', ' Best Message', '2017-02-27 12:27:36', '2017-02-28 07:30:38', 1),
(2, 3, '15', 'Learning and Development Specialist', 'Leadership is about authenticity, it’s about being yourself. This is how he defines leadership and demonstrates as well.\r\nTotal 18 years of total experience, out of which a decade of facilitation and theatre.\r\nAnand has extended his consulting skills in the broader umbrella of Communication, Leadership and Team Building. His expertise comes from his background as a theatre director to take actor/participants\' performance to the next level. Anand’s ability to work with people and connect with them at a human level something that makes him stand out. He has worked with participants across industries and levels on presentation skills, effectively lead self & your teams, effective communication, appraisal discussions, time management, team building and many more.\r\nHas also used his coaching skills with individuals at Wells Fargo, RBS, Cognizant technologies, Quattro to achieve their personal & professional goals. Some of the clients who have appreciated his work include GSK, Pepsico, Nestle, EY, HSBC, Fidelity, CII ITC - CESD,  IKEA, SABMiller, Cognizant technologies, Maxlife Insurance, Royal Bank of Scotland, Eicher Polaris, Sopra Steria, etc.\r\nHe is a trained actor and a drama instructor from Barry John Acting Studio. In his experience as a Theatre director, he has written many plays, street plays for amateur actors and corporates. During this process, he has learned how to deal with difficult actors, egos and to be able to create harmony amongst the ensemble. He Was also a part of some corporate films for ICICI bank as an actor while in Mumbai.\r\n', '2017-03-25 14:49:01', '2020-01-20 13:09:21', 1),
(3, 4, '10', 'Consultant', 'Bharat carries with himself a decade’s worth of experience as a facilitator.\r\n\r\nTo quote (and adapt) J.R.R. Tolkien; “One Ring to rule them all, One ring to find them; One ring to bring them all and in the light, release them.”\r\n\r\nIn Bharat’s case, the “One ring” is synonymous with stories. His and yours. He believes these stories are powerful reflections of ourselves, where we find clues about what’s working brilliantly for us and what could be better. Seeking these stories has led him to some very interesting places and profound experiences.\r\n\r\nFrom teaching acting at The Barry John Acting Studio in Delhi & Mumbai, working with youth at a juvenile detention facility for a NGO called STEP, to remote towns and villages in Chattisgarh – a project done in association with UNICEF, exploring conflict-resolution at various camps in a region torn apart by the conflict between the Indian army and Naxalites, to making films in Los Angeles, working in collaboration with people from around the world - to even behind the camera at the IIFA Awards!\r\n\r\nBharat is from a business family in New Delhi and holds a Bachelor’s degree in Commerce from Delhi University. He’s taught acting at the Barry John Acting Studio for four years and has acted in numerous plays, films, TV and commercials.\r\n\r\nClients appreciate his ability to create a dynamic and collaborative environment, where they explore and challenge boundaries of peak performance together, create a space to practice and rehearse, come up with practical ideas and practices that can then be applied to the workplace to achieve measurable results.\r\n\r\nBharat has worked as a performance coach with many individuals and teams, facilitating their journey towards being impactful, collaborative, trusting, empathetic, creative and dynamic!\r\n\r\nHis regular clients include RBS, MaxLife, Cognizant, Ernst & Young, McKinsey, Coca Cola, Pearson, John Deere, Macquarie, Sterlite, Muratec, Penguin Random House and many others.', '2017-03-25 16:32:08', '2019-01-11 13:42:16', 1),
(4, 5, '10', 'Associate Consultant', 'Nitten has a total experience of 22 years, out of which 13 years of facilitation experience. With a sales experience of selling confectionary to high-end Real Estate, before foraying into Training, Nitten also led large teams in an NGO and as an orator delivered mass programs all across Maharashtra. Nitten has worked in the areas of Public Speaking & Communication, Sales, Stress Management, Voice culture & Expression, Team Building, Leadership, Unconscious Bias, Mentoring and Motivation. So far, Nitten has addressed people in various sectors like Telecom, IT & ITES, Insurance, Pharmaceuticals, Manufacturing, Consulting, Business Schools, Education, BFSI, PSU, FMCG, NGOs, and Politicians.He is a Mindfulness practitioner for a decade and has conducted Mindfulness-Based Emotional Intelligence workshops in corporates, education sector, and NGOs. Using Mindfulness and theatre skills he has coached people to achieve well being and enhance their Impact and Influence.He is a trained actor from Jeff Goldberg Studio and has delivered more than 100 performances so far. Using theatre and experiential learning approach he has also groomed facilitators. With his humorous, narrative style and examples, he keeps his audience highly engaged and involved in the learning process.\r\n', '2017-03-25 16:37:12', '2020-01-20 13:10:32', 1),
(5, 6, '10', 'Consultant', 'A trained Counseling Psychologist and a certified drama therapy practitioner, Priyam has worked extensively with people across ages and diverse communities.\r\n\r\nHer interests are in Positive Psychology and she has worked to design and deliver interventions that focus on enhancement of resilience, self - worth, motivation and wellbeing in her clients. She also has trained in Neuro linguistic Programming and Cognitive Analytic Therapy, both of which contribute to her ability to understand, empathize and facilitate desired changes in her clients. Priyam started her career with Manas, a mental health organization that aims to promote proactive, preventive and positive mental health.\r\n\r\nShe was the youngest facilitator on a city wide training initiative for public transport professionals and trained more than 2000 individuals on Gender Sensitization.\r\nShe has been trained by well known theatre professionals such as legendary (Late.) B.V. Karanth, Maya Rao, Arvind Gaur, Aruna Ganesh Ram to name a few. As part of Visual Respiration, an immersive theatre group she has also been involved in devising and performing immersive theatre work, a format that engages the audience to take part in the story of the actor. Priyam leads/co-leads workshops apart from being the resident Learning & Development specialist who ensures each member of the Pause Play team develops & reaches the next level of performance. The clients Priyam has worked with at Pause Play are: Penguin Random House, Jubilant Life Sciences Royal Bank of Scotland, Aon, Cognizant, John Deere and Genpact\r\n', '2017-03-25 17:20:36', '2020-01-20 13:11:33', 1),
(6, 7, '6', 'Associate Consultant', 'Sanah is a Performance Coach & Client Director at Maynardleigh Associates India.\r\n\r\n\r\nSanah’s expertise lies in the field of personal impact, presentation & communication, service excellence, increasing team performance and vital leadership.\r\n\r\nSanah started out as a hotelier having graduated from the Oberoi Centre of Learning and Development, Delhi.\r\n\r\nShe now has a total work experience of 18 years in the fields of Training, Hotel operations and HR while working with organisations like Oberoi group, Barista Coffee Company, Apollo Tyres, City & Guilds UK, Xpotential consulting Mumbai, and Cox & Kings.\r\n\r\nHaving found her true calling in the field of training, Sanah professionally qualified herself with a Post graduate diploma in Human Resource Management from Symbiosis, Pune and a Diploma in training from the Indian Society of Training and Development. Having attended the Behavioural Laboratory by ISABS strengthened her conviction in experiential learning.\r\n\r\nShe is a certified Executive/life coach and passionate about working with individuals to realise their potential and achieve their goals. Sanah has trained over 4000 people across all industries, most recently having conducted workshops for organisations like Aon, American Express, Coca Cola, Cognizant, Ernst&Young, Fortis Healthcare, McKinsey, Pepsico, Wells Fargo, RBS, SRF & Sopra group to name a few.\r\n\r\nSanah has varied interests ranging from psychology to spirituality, from performing arts to physical well being and she brings these interests to the workshop to create highly engaging learning experiences for one and all.', '2017-03-25 17:25:01', '2019-01-03 06:46:41', 1),
(7, 8, '', 'Associate Consultant', 'She identifies herself as a designer of transformative experiences. She believes that theatre is full of surprises and many magical moments.\r\n\r\nWith Maynard Leigh Associates, she hopes to expand the sphere of influence of drama and its powers to the world of business and the many individual who live within it.\r\n\r\nShe brings her decade long experience as a theatre practitioner, educator, and facilitator to increase her participants’ personal effectiveness.\r\n\r\nShe has a postgraduate degree from the University of Leeds in Theatre and Development Studies. It was here that she engaged deeply with the possibilities of applying theatre in education, therapy, and in working with communities. She is the Founder and Artistic Director of Aagaaz, a not-for-profit dedicated to creating spaces for learning and critical thought in an attempt to weave a more equitable urban fabric. \"Engaging children and young adults across social and geographical boundaries, we relentlessly question ‘what is’ to probe ‘what could and should be’ to learn ways to act and perform beyond just the stage\". A group of adolescents from Nizamuddin Basti form the core of the organization.\r\n\r\nShe has been able to transition from her life as a practitioner of arts to someone who also leads a successful arts organization. Leadership, organizational structures, strategies and human resource dynamics are of deep interest to her.\r\n\r\nAs a leader she strives to create a space that is centred on people and their shared values. With MLA, her core areas of workshop delivery have been building professional presence, personal branding, executive presence, presentation skills, motivation, peak performance, impactful facilitation, and training of trainers. She has engaged with companies like Cognizant, GSK, SpiceJet, McKinsey, EY, Dunnhumby, NGK, Canara HSBC, Sopra Steria, Pernod Ricard, Delta, and many more. ', '2017-03-25 18:41:35', '2018-03-21 07:39:29', 1),
(8, 9, '15', 'Co-founding Director', 'Steeve is the Managing Director of Maynardleigh Associates India.\r\n\r\nHe is also a principal consultant in the delivery team. Steeve has worked with and consulted for Aricent, Airtel, AON Hewitt, Alcatel Lucent, Amdocs, Bharti Infratel, Birlasoft, Coca-Cola, Glaxo SmithKline, Dell Perot, Ernst & Young, Rediffusion DY&R, RBS, Max Bupa, Max Life, McKinsey & Company, Punj Lloyd, NEC HCL, Sopra, Sunlife, Suzuki and many other organizations.\r\n\r\nSome behavioral areas that Steeve loves to work with and deliver workshops on include; Motivation for Peak performance, Team Behaviours, Vital leadership, Talent Engagement and Presenting & Public speaking.\r\n\r\nIn 2002, Steeve graduated from the University of Central Florida, with an MBA and specialization in International Business. He was inducted into the Beta Gamma Sigma honor society for graduating at the top of the business college.\r\n\r\nIn theatre, Steeve worked closely with Aamir Raza Hussain at Stagedoor productions and Oscar Nominee Victor Banerjee.\r\n\r\nDeep Insight into people’s behavior, his experience of working with thousands of leaders, his commitment to creating an engaging, experiential & partnership based learning environment and focus on ensuring that business and individuals gain from the time spent in workshops are what make Steeve a great asset to Maynard Leigh. ', '2017-03-25 18:49:18', '2017-03-25 18:51:02', 1),
(9, 10, '10', 'Associate Diretcor', '“Theatre taught us that we have several characters residing within each of us, and it is about bringing out what’s relevant in the moment” quotes Varun, who lives this everyday.\r\n\r\nAn engineer, theatre artist, an avid traveler, client director, serial entrepreneur, white-water surfer, Trained Para-glider, Behavioral consultant, make-shift chef, high-altitude trekker, an NLP-Neuro Linguistic Programming Practitioner...the list goes on.\r\n\r\nAs the Associate Director at MaynardLeigh, Varun has an uncanny ability to ‘cut through the flab’ and discover what truly are the behavioral needs of an organization. By building strong relationships and using his sharp insight he is able to instigate effective behavioural change. Varun develops and delivers programs across the board, having an incredible knack of coming up with creative and customized solutions which are true to the client’s needs.\r\n\r\nHis clients; McKinsey and Co, Royal Bank of Scotland, Coca-Cola India, EY, PepsiCo, American Express, Genpact, MaxLife Insurance, IKEA, Bharti Group, etc would vouch for it.\r\n\r\nVarun started his entrepreneurial journey at the age of 19, Co-founding Alchemy Career Solutions and then moving on to becoming a Stake-holder at BlueTiger Learning Solutions. As a StartingBloc Fellow, he was recognized among the top 100 Young Global Leaders across the world.\r\n\r\nHis unwavering commitment to growth and his ability to stay calm under the most strenuous times are what make him a strong pillar of the family. ', '2017-03-25 19:03:09', '2017-03-25 19:06:28', 1),
(10, 11, '15', 'Co-founding Director', '“Tell the truth so that you don’t have to remember, and if you don’t have to remember then there is no noise in the mind; if you have no noise in the mind then leadership can happen in many ways ” - Nigel Hughes\r\n\r\nVivek is the Co-Founder and an Executive coach, with an experience of 22 years in the area of development & consultancy.\r\nHe has coached, conducted workshops and trained over 40,000 employees and consulted companies both globally. Vivek, incapacity of a practicing psychologist and an executive coach, works with some of the senior-most leaders in organizations. Some of the recent projects include; Working as an executive coach and mentor to CEO, CFO of a large multinational media company, personal coach to the finance director of one of the leading BPO’s, has been a performance coach on the impact and influencing ability of executive director of a multi-national liquor company, and senior leaders of one of the top five brands of the world, and an Executive coach to the chairman of a huge global company.\r\n\r\nHe has done some phenomenal consulting work across industries. He uses his outstanding histrionic skills to provide a live experience for all of his coachees and also his participants. Vivek cares passionately about the people he works with and combines his solid experience and depth of expertise with a user-friendly approach. Vivek says “I help to inspire confidence as well as pushing boundaries for improvement into high performance, through providing guidance and support to leaders. As a young CEO, I understand the challenges that Senior Executives face in managing both the strategic and day to day operational activities”.\r\n\r\nHe is a Diploma holder in counseling psychology, Diploma in International Marketing from Middlesex Community College, USA and a Bachelor’s degree in Business Management from Apeejay School of Management, Delhi; he is also a part of Repertory company at National School of Drama, New Delhi. He has handled assignments in the area of Personal Impact, Presentation Skills, Communication Skills, Influencing skills, Leadership, Corporate values, Team Building. \r\n', '2017-03-25 19:08:26', '2020-01-20 13:14:19', 1),
(11, 12, NULL, NULL, '', '2017-03-25 19:12:23', '2017-03-25 19:12:23', 1),
(12, 13, NULL, NULL, '', '2017-03-26 07:55:38', '2017-03-26 07:55:38', 1),
(13, 15, NULL, NULL, '', '2017-03-26 13:38:11', '2017-03-26 13:38:11', 1),
(14, 19, NULL, NULL, '', '2017-03-28 17:29:38', '2017-03-28 17:29:38', 1),
(15, 29, '1', 'L &D', 'Enthusiastic', '2017-05-31 06:15:17', '2017-06-01 05:34:14', 1),
(16, 34, '12', 'Developer', 'Working on project ', '2017-06-07 18:26:54', '2017-06-08 20:25:48', 1),
(17, 36, '4 years', 'Consultant', 'okay dokie', '2017-06-09 05:02:04', '2017-06-09 05:03:50', 1),
(18, 37, '11', 'Director & Principle Consultant', '\"For over a decade now, I have worked with people using a mix of theatre, various forms of therapy and Learning and; Development tools. The aim is to enable learning through creating space for perspectives, in-the-body experiences and building the muscle of inner dialogue. In my work, leaders and individuals alike take responsibility to become more present and; purposeful in their responses.”\r\n\r\nSteeve takes a deep insight into people’s behaviour, his experience of working with thousands of leaders, his commitment to creating an engaging, experiential and; partnership based learning environment and focus on ensuring that business and individuals gain from the time spent in workshops are what make him a relevant and necessary part of the learning community. His love for using drama, narrative therapy, people’s movement to study behaviour and in-depth understanding of business is what drives him to be a partner in Maynard Leigh Associates India, where he is also a principal consultant. Having studied how successful theatre ensembles perform, how a director unlocks the potential of an actor, how feedback is given, \r\n\r\nHow actors make audiences feel various emotions, how improvisation teams deal with the unknown and; change, Steeve has developed understanding of the working and principles of theatre which come in handy in the corporate and personal worlds. \r\n\r\nSteeve graduated as an MBA, top of his college, with a perfect GPA, from UC Florida. He is also certified in Counselling, SFBT and Narrative therapy. His past experiences as an entrepreneur include leading a BPO, a textile company and a Telecom consultancy.\r\n\r\nAs a leader and principal consultant at MaynardLeigh, Steeve focuses on the community living their values. A Harvard Business case study on Maynard Leigh Associates India, reveals the lengths they will go to remain true to these values. Internally, Steeve also aids in the development of content and; consultants.\r\n\r\nSteeve has worked with and consulted for Aricent, Airtel, AON Hewitt, Alcatel Lucent, Amdocs, Bharti Infratel, Birlasoft, Cognizant, Coca-Cola, Glaxo Smith Kline, Dell Perot, Edelweiss, Ernst and Young, Genpact, IDFC, Rediffusion DY, RBS, Max Bupa, Max Life, McKinsey and Company, Punj Lloyd, NEC HCL, SopraSteria, Sunlife, Suzuki, UNICEF and many other organisations. His areas of exploration include Impact, Presence, Motivation for Peak performance, Teaming and Vital leadership. In recent years, he has been keenly working in the areas of Unconscious Bias, Gender inequality, Power and Privilege. ', '2017-06-09 10:24:35', '2019-01-11 13:56:11', 1),
(19, 43, '10', 'Consultant', '“I hope you will go out and let stories, that is life, happen to you, and that you will work with these stories...water them with your blood and tears and your laughter till they bloom, till you yourself burst into bloom.”\r\n\r\nWhen Vrinda stumbled upon these words by Clarissa Pinkola Estes, she resonated with them as though they had been her own.\r\n\r\nA passionate life-liver, she has endeavored to invite into her being, art, expression and self-reflection in their varied forms. Vrinda is a certified expressive art therapy practitioner who has worked with a diverse range of clients. She also holds a Bachelor’s degree in Journalism from the University of Delhi and an MBA from Symbiosis Institute of Media and Communication, Pune.\r\n\r\nApart from spending her years working as a writer and qualitative researcher, she has continued to actively engage with theatre and has been a steady witness to the power of drama, play & body-driven insight creation. Vrinda’s entry to drama therapy and drama based facilitation came from her early days in college where she was immersed in community theatre in the form of Hindi street plays, as well as proscenium theatre.\r\n\r\nHer current artistic practice largely involves devising and performing immersive, physical theatre pieces. She has been mentored over the last decade by several path-breaking drama practitioners including Bhaveen Gosain, Maya Rao, Aruna Ganeshram, Maitri Gopalakrishna, Anitha Santhanam and Abhishek Majumdar. At Maynardleigh,\r\n\r\nVrinda is now engaged in the role of an Associate Consultant for Maynard Leigh India. She has previously worked as a drama based behavioral trainer with several corporate clients including, Levis, VM Ware, EMC, Fidelity Investments and UTC Aerospace Systems among others.\r\n\r\nWhen she is not delivering programs, she is usually found with her nose in a book. Alternatively, she may be doodling, learning something entirely new (like clowning, Kalaripayattu, or the ukelele), working on her book of children’s stories, engaged in a conversation or attempting to care for her body, family, friends and plants. Not neccesarily successfully and sometimes even all at once.', '2018-03-21 07:10:11', '2019-01-11 14:03:52', 1),
(20, 44, '', 'Associate Consultant', 'Triansha is a Communication and Behavioural Skills Coach (ICF certified) and Facilitator with over 13 years of experience. She has served clients in India and abroad including, McKinsey & Company (employed as Communication Specialist), KPMG, Dasra, Coca Cola, RBS, Genpact, Sopra Steria, GSK, Global Steering Group for Impact Investments, Riga Foods, Kotak Mahindra Bank, IPPF, and IHS, among others.  Triansha is also an expert in conducting communication workshops and creating communication strategy and content for various corporations and social enterprises.\r\n\r\n Triansha has a master degree in English and Culture Studies, is certified in Hogan Assessments and a member of the Indian Society for Applied and Behavioural Sciences (ISABS). She is also certified in Psychodrama and well-versed in Improvisational and Playback Theatre. \r\n', '2018-03-21 07:25:57', '2020-01-20 13:12:24', 1),
(21, 45, '6', 'Associate Consultant', 'As a performance artist, Sudha performs on the stage and for film and teaches drama and creative movement to children. She\'s also a creative arts therapist, using drama and movement as a means of therapy for individuals and groups alike. She is formally trained in creative arts therapy by The Studio for Movement Arts and Therapies (SMArT). Her training as an actor at The Stella Adler Studio for Acting in New York City has also buoyed her work in films and theatre in India and the US. \r\n\r\nSudha\'s passion for holistic living and the arts as ways to centre the individual and facilitate a richer and deeper life led her to form a non-profit organisation in the US for yoga, art and healing called DiscoverSwasth (www.discoverswasth.org). She has been teaching yoga since 2006 and is a qualified teacher through The Sivananda Yoga Centre and certified through The Yoga Alliance.\r\n\r\nSudha holds a Bachelor’s Degree in Electrical Engineering from University of Texas-Pan American and a Master’s Degree in Electrical Engineering with a specialization in Wireless Communications from Columbia University. With over 7 years of experience in Wireless Engineering, primarily working as a Network Security Research Engineer at Bell Laboratories, she has handled multi-million dollar research projects and learned valuable lessons in corporate communication, project management, business analysis, systems architecture and network security.\r\n\r\nSudha brings to MLA all of her aforementioned training, experience, calming energy, mindfulness and passion for transformation through the arts. \r\n\r\nAfter years of immersion in the performing arts and the corporate realm, Sudha has found her niche in drama-based corporate training, delivering creative, mindful and effective training modules for executives.', '2018-03-21 07:29:02', '2019-01-11 14:01:59', 1),
(22, 49, '9', 'CEO', 'The best teacher of my life and going to home', '2018-04-02 14:14:09', '2018-04-02 14:16:20', 1),
(23, 50, '8285296318', 'CEO', 'test', '2018-04-02 17:40:43', '2018-04-02 17:40:43', 1),
(24, 70, '6', 'Coach', 'bjgvf', '2019-01-11 13:50:42', '2019-01-11 15:10:44', 1),
(25, 73, '12', 'Finanace Head', 'asdfgherthjshgfhjgjasdfghiuytdsd', '2019-02-20 08:55:00', '2019-02-21 04:56:03', 1),
(26, 74, '1', 'IT', 'qwert\r\nasdfgh', '2019-02-21 04:36:41', '2019-02-21 04:36:41', 1),
(27, 76, '10', '', '', '2019-04-12 04:56:40', '2019-04-12 04:56:40', 1),
(28, 77, '', '', '', '2019-04-12 07:34:06', '2019-04-12 07:34:06', 1),
(29, 78, '', '', '', '2019-04-12 07:50:40', '2019-04-12 07:50:40', 1),
(30, 80, '', '', '', '2019-04-12 12:03:53', '2019-04-12 12:03:53', 1),
(31, 84, '18', 'Test', 'Testing User as mentor', '2019-04-22 07:01:07', '2019-04-22 07:01:07', 1),
(32, 86, '2', 'consultant', 'djfhdjombconx', '2019-04-23 04:25:50', '2019-04-23 04:25:50', 1),
(33, 92, '5 years', 'consultant', '“We are all actors: being a citizen is not living in society; it is changing it.” These words by Augusto Boal, have consistently inspired Akhila to create platforms for change and dialogue wherever she goes, in theatres and in businesses.  With almost a decade worth of experience as an actor, dancer and applied theatre practitioner Akhila strongly believes in the power of the performing arts to spark change within people and their organizations.  \r\n\r\nWith Maynard Leigh Associates, Akhila aims to transform her corporate workshops into rehearsal rooms, a space where participants have the power and freedom to practice behavioural changes they want to apply to their work the next day.\r\n \r\nAkhila has studied drama at the British American Drama Academy in the U.K, and Middlebury College in the U.S.A , from where she has a Bachelor in Arts.  She has developed and facilitated theatre based interventions with diverse communities. Her workshops have taken her to slum settlements and businesses across India, schools and universities in the US, and orphanages in Latin America. In 2017, Akhila was invited to lead a theater- based intervention for the U.S. Congress at the Capitol in Washington DC. Akhila has also directed, performed and taught at theatre companies like Potomac Theater Project in New York City, the San Francisco Mime Troupe in California and Arena Stage in Washington DC. \r\n \r\nThrough her global understanding of the arts, Akhila is highly sensitized to the complex dilemmas of each community and delivers workshops that directly address the heart of those behavioural conflicts. \r\n \r\nAs a consultant for YUVA, Maynard Leigh Associates’ new business line,  she specializes in delivering workshops for young professionals. Using her insights from theatre, psychology and learning and development, she brings alive concepts of inner-drive and communication. She empowers participants to take ownership of their career aspirations and to articulate the same with confidence and clarity.  As a content designer for Maynard Leigh she crafts engaging and relevant experiences for groups as small as 7 senior managers in a boardroom to as large as 400+ new recruits in a packed banquet hall.\r\n\r\nAkhila constantly infuses the magic of the performing arts to facilitate meaningful and energetic workshops for her participants who appreciate the chance to not only learn but also to get up and do! Her client list includes among others SRF, Fidelity, HSBC, Cognizant and Ernst & Young.\r\n\r\n', '2019-08-06 11:35:40', '2019-08-06 11:35:40', 1),
(34, 120, '0', 'Test', 'test user', '2019-12-27 10:32:53', '2019-12-27 10:32:53', 1);

-- --------------------------------------------------------

--
-- Stand-in structure for view `itf_recent_review_views`
-- (See below for the actual view)
--
CREATE TABLE `itf_recent_review_views` (
`video_id` bigint(20)
,`user_id` bigint(20)
,`last_comment` timestamp
);

-- --------------------------------------------------------

--
-- Table structure for table `itf_users`
--

CREATE TABLE `itf_users` (
  `id` int(10) UNSIGNED NOT NULL,
  `user_photo` varchar(255) COLLATE utf8_unicode_ci DEFAULT NULL,
  `name` varchar(255) COLLATE utf8_unicode_ci NOT NULL,
  `last_name` varchar(255) COLLATE utf8_unicode_ci DEFAULT NULL,
  `company` varchar(255) COLLATE utf8_unicode_ci DEFAULT NULL,
  `username` varchar(255) COLLATE utf8_unicode_ci NOT NULL,
  `email` varchar(255) COLLATE utf8_unicode_ci NOT NULL,
  `phone_no` varchar(255) COLLATE utf8_unicode_ci DEFAULT NULL,
  `password` varchar(255) COLLATE utf8_unicode_ci NOT NULL,
  `user_type` varchar(255) COLLATE utf8_unicode_ci DEFAULT NULL,
  `remember_token` varchar(100) COLLATE utf8_unicode_ci DEFAULT NULL,
  `status` tinyint(1) NOT NULL DEFAULT '1',
  `created_at` timestamp NULL DEFAULT NULL,
  `updated_at` timestamp NULL DEFAULT NULL
) ENGINE=InnoDB DEFAULT CHARSET=utf8 COLLATE=utf8_unicode_ci;

--
-- Dumping data for table `itf_users`
--

INSERT INTO `itf_users` (`id`, `user_photo`, `name`, `last_name`, `company`, `username`, `email`, `phone_no`, `password`, `user_type`, `remember_token`, `status`, `created_at`, `updated_at`) VALUES
(3, 'profile3.jpg', 'Anand ', 'Mittal', NULL, 'TM1390517939F5FJH', 'anand@thepauseplay.com', '9560586775', '$2y$10$f8.z3KCXPJA3LTmA1Zz4de6I.nAjqDE06/uIXfW/KNMnleoRC3VLS', 'M', 'LXxy56WTif7wNQn7Aqpqq3kFlFywz9KnnJHdoV8znXbFg6XeQ9B0p3cOXKOw', 1, '2017-03-25 14:49:01', '2020-01-20 06:42:32'),
(5, 'profile5.jpg', 'Nitten', 'Mahadik', NULL, 'TM1190517939F5FJH', 'nitten@thepauseplay.com', '9619487431', '$2y$10$bLJgOGnZTUwDA.375te1yevjwiANARBsmkPy6GwPzAbCAmv.e12E2', 'M', 'PqxwayUldxfnPIBEu7pwAbTOivrnrICJ6B3TbYBNHRHR9RRjirhaT6YKRcZz', 0, '2017-03-25 16:37:12', '2019-12-03 09:26:31'),
(6, 'profile6.jpg', 'Priyam', ' Jain', NULL, 'TM1090517939F5FJH', 'priyam@thepauseplay.com', '7406618146', '$2y$10$nZDI0Va6UVNWDyabVcCSG.2tOJ24ricL777ucqNsH9dHGL.vaOJpa', 'M', '7a3TsV9OefbMdPV4QnLyiw00ATJ8pKpGGXY6WZMFdZe6Is8y5zrL3Li1Pfi0', 0, '2017-03-25 17:20:36', '2020-01-07 06:28:54'),
(11, 'profile11.jpg', 'Vivek ', 'Arora', NULL, 'TM1040517939F5FJH', 'vivek@thepauseplay.com', '9810811385', '$2y$10$f8.z3KCXPJA3LTmA1Zz4de6I.nAjqDE06/uIXfW/KNMnleoRC3VLS', 'M', 'xKgHxrGWyqVbxdYlF8v5DBiNElP84CvJYlebYqCisu8N3OBtAY4OEwJTUZry', 1, '2017-03-25 19:08:26', '2020-01-20 07:11:01'),
(32, 'profile32.png', 'Admin', 'System', NULL, 'ITF00123', 'mirror@thepauseplay.com', '9874563241', '$2y$10$f8.z3KCXPJA3LTmA1Zz4de6I.nAjqDE06/uIXfW/KNMnleoRC3VLS', 'A', '8CAjwDnzxD8lmmD2uRF8Zaon8z5wLrv7rYV0HfVNAdVc7UxXe7PTWSv4fVrD', 1, '2017-06-04 00:00:00', '2020-01-20 08:34:35'),
(38, 'profile38.png', 'Vishal', 'Kapoor', NULL, 'TM1497004032FN1JG', 'faiz.khan6772@gmail.com', '9999999999', '$2y$10$DZ351SSzMtOxQNUjzo965OxJOb2fAD0DgKp64rEdi8lDB8riNLxRy', 'N', 'rHrBlKIeGwxfK8c1M2KaSNRegro3YW9JS0fTJV2qjrlAnfBR5IcqA9nvr0pV', 0, '2017-06-09 10:27:12', '2019-10-04 09:42:38'),
(44, 'profile44.jpg', 'Triansha', 'Tandan', NULL, 'TM1521617157TE2GL', 'triansha@thepauseplay.com', '9999678484', '$2y$10$49oNXweTOrVCMOl0S1jXNeqOcwdJnyVagKfYKtwYqoSNjxn1KF8Zq', 'M', '2dljgWFv11oYajWqNkXKD5GVqNqs89JsFwf289vqkrGPFvlLU95aimDj28L6', 0, '2018-03-21 07:25:57', '2019-12-03 09:24:37'),
(46, NULL, 'Vrinda ', NULL, NULL, 'TM1521806898YHF53', 'textbubble@gmail.com', '9686571916', '$2y$10$FA3SYvpYlzBhT2KIXcVsd.wOPKNmG8N6CuiGChkiHenxjmhmxdH2K', 'N', NULL, 1, '2018-03-23 12:08:18', '2018-03-23 12:08:18'),
(47, NULL, 'Sanah', NULL, NULL, 'TM1522212043MGFJM', 'sanah15@yahoo.com', '91812334', '$2y$10$29oZ168/eJkA9M3rjz9u2e68U8sbHjbKab/dH6tcbjTIuT4I0TfkG', 'N', '6HktLGptR9IgmDTzjDM7MTTL5BCQD3jIFqot6WG77PpNDL0oASdSkOsIbFZy', 1, '2018-03-28 04:40:43', '2018-05-07 04:38:55'),
(48, NULL, 'Sanyukta', NULL, NULL, 'TM1522386348DI2VV', 'sanyukta.saha@gmail.com', '9873853348', '$2y$10$dO2wY.vOXzKHstQw8KvkTuI/pygw7ni6Ug0EOjEb0dfbEchUb86By', 'N', 'HAa70r6O0ZMChNNdkrn1kiEzsifZDpuCJSC1pH8S7gnULzasdyGI9sudOPcG', 1, '2018-03-30 05:05:48', '2018-03-30 05:06:36'),
(54, NULL, 'Anand Prakash Mittal', NULL, NULL, 'TM1523459150KMK5H', 'anandmittal28@gmail.com', '9560586775', '$2y$10$izm6gSzR6wMKdroPMqfv9eKSZNP2IACuGk1lh.ck5hA6ZJe0z59fW', 'N', '0ARnH4xTlgLFISzqIwg3VvemnNPEVGgD8ia9CzCeoFlBJUnFBBep6W1S3bf8', 1, '2018-04-11 15:05:50', '2019-05-16 12:11:08'),
(55, NULL, 'Mumtaj', NULL, NULL, 'TM152420843107WNS', 'mumtaj@thepauseplay.com', '8920706227', '$2y$10$yc4Vi07daUeiulLSAXUZtOL8FMeurYmNx7uCD0TI0Qlb2VCMqmUEa', 'N', NULL, 1, '2018-04-20 07:13:51', '2018-04-20 07:13:51'),
(57, NULL, 'priyam', NULL, NULL, 'TM15254097774HWPR', 'priyam.20jain@gmail.com', '7406618146', '$2y$10$OZZs5KqjrCvrKCc8yly1P.L/AEAXk93OlIMyeQMuwR4NywJGMipKm', 'N', 'l2LQayN6PslJx2gAWSRnMd1KXfvzoOp12xEDrYeIg7J64S6XoZ9hUUIycmUi', 1, '2018-05-04 04:56:17', '2019-05-10 06:26:48'),
(58, NULL, 'Kartik Bharat ', 'Ram', NULL, 'TM1532688480TI884', 'faiz.ivy@gmail.com', '9898776798', '$2y$10$YEZaWKe8O5rLwiUkyTJNw.OTOz/.bqaWvM2PK0wmcsj0oZgod9oDS', 'N', 'G28PxVE0CwsVtfE014AOLq5d2UpzVKERnxucyx2Fx9BLlTp4zpQfuoVlIB6F', 1, '2018-07-27 10:48:00', '2019-10-04 09:40:42'),
(59, NULL, 'Nishita Matlani', NULL, NULL, 'TM15347469179JVGH', 'nishita@thepauseplay.com', '8800286940', '$2y$10$JBFWH7D16f6uE2A5HXCFu.kH7ZVi6XFk4He7kE.d8g3BdzOOJniw.', 'N', 'Ly9I3z38Ig45xbzbF1R20Qx7nE7dwe4zv5P0OP7dUPR8ycKWGigOgu9mleX0', 1, '2018-08-20 06:35:17', '2019-12-09 06:19:45'),
(64, NULL, 'Manasi', 'Thapa', NULL, 'TM1540352922DT69T', 'manasi@thepauseplay.com', '8130322459', '$2y$10$G82Rid4EMZeOZ/zLptNnpO/7gM5i/cyYoaj/tqWjt/XiLo4hXcUpu', 'N', 'LZ91QGCoZEF6c5p0Fv80DwS5PLeN6PAa1FE6yFM2qYaMuuOaCSv7QWar1J7k', 1, '2018-10-24 03:48:42', '2019-08-05 10:44:27'),
(67, NULL, 'Kunal ', 'Walia ', NULL, 'TM1542617031OP6AU', 'Kunal.Walia@dalberg.com', '9999318567', '$2y$10$kvSMThOGmdjhI2aeMK1ABuQFWWEu0iOrE/1lvtl9msCfFMDmC1/Xi', 'N', '27KDyPOroI6qAY9ppBPxNSSp8RZZhHDaLOfGk7Vh07FcLAe26Bx88zZsEOmF', 0, '2018-11-19 08:43:51', '2019-10-04 09:40:04'),
(68, 'profile68.png', 'Kanika', 'Gupta', NULL, 'TM1546491219IFIIA', 'kanika@thepauseplay.com', '9958820680', '$2y$10$tRKscx396zf/bkw36wCPD.AFfuuTqAhHV2UIGGI4076KIkh4eER5m', 'N', 'qLujVx1d3ppXe9Xi5Lu8w0Q15qUV5uxI3CTHoHYDYchmxUY5KPDb5cdzhBq6', 0, '2019-01-03 04:53:39', '2019-12-30 04:40:46'),
(79, NULL, 'test ', 'user', 'Mynardleigh', 'TM1555065561PRCOK', 'moudeepta.kuila93@gmail.com', '8093203113', '$2y$10$Pi8maFAX9mExv5ur2J9xCuVKlyQv4RnSjIIDeWVQSctJylPvjb9cy', 'N', 'w3Welw1NuiifmKDF8vEtk0X112aVPIQdWZalkJT3Aw0xlcy4c46yRom8bEtT', 1, '2019-04-12 10:39:21', '2019-10-04 10:52:53'),
(81, NULL, 'Rahul', 'Kumar', 'IT Fosters', 'TM1555820600YMUMY', 'rahul@itfosters.com', '97117807162', '$2y$10$5JU5qUt.1y5PRLO80mDsHu/3SVlPHOSpIyciczBzGuASp5QGOT.QS', 'N', 'x34OoNLHd5NBVottGILcg9QgmcSnZYzOlbFQgbOEyyqYJp4vof88PkJ1VUkm', 1, '2019-04-21 04:23:20', '2020-01-14 07:46:03'),
(82, NULL, 'Moudeepta', 'kuila', 'maynardleigh', 'TM1555914561LYO5K', 'moudeepta@thepauseplay.com', '8093203113', '$2y$10$Q2tJkVgKhZMRF8.bR4IWUO06msp6uA1eox/taVPptUJKoJNgT/x26', 'N', 'Tp7VyXbBa5j69DbX8G8WjyGO74WyBChZk3LhCzfpLH7jzYAHJgyYXiuRM0So', 1, '2019-04-22 06:29:21', '2019-12-30 05:12:17'),
(87, NULL, 'Akhila ', 'Khanna', 'Maynardleigh Associates', 'TM1557483413UX5X1', 'akhilakhanna1995@gmail.com', '9355160889', '$2y$10$I44yC3dRYUCFH2G/RRuh.OaUNRS2CDdlhZnYvbEAy1n4OL1tA4UDu', 'N', 'G7mi4wA8I2SVemgWdfNtuUnTx7NYVpt58Z9NfiPTsJ20YcPzXADjcoAAzTaN', 1, '2019-05-10 10:16:53', '2019-05-16 12:10:05'),
(88, NULL, 'Triansha', 'Tandan', 'Maynardleigh Associates', 'TM15574866858KS33', 'triansha@gmail.com', '9999678484', '$2y$10$8xsoWnenCRhkkb5xzQio2OAuFcCu5Sgmrw1GTv6h05LrZU4AK0Azy', 'N', NULL, 1, '2019-05-10 11:11:25', '2019-05-10 11:11:25'),
(89, NULL, 'Kanika', 'Gupta', 'Maynard', 'TM1559802577TEHTM', 'kanikaanugupta@gmail.com', '9958820680', '$2y$10$EraXydQMk1e5tIwH2AfbjepuVedcwXF2Yp/Pdq4UrzhWieUWWz/G2', 'N', NULL, 0, '2019-06-06 06:29:37', '2019-12-30 04:39:44'),
(90, NULL, 'Ankita', 'Meher', 'Maymardleigh Associates', 'TM15626722379ASWD', 'ankita@thepauseplay.com', '8700732930', '$2y$10$79dZUYacJAhLp5RzqVrRcev5sYo14l4SqpIuWu8cgvVzsEd75jQzu', 'N', 'P1MPP6NFQvllUxzqeBBIqNL7naymgf6gA6GgMzdrJRmaxCBx3TVerQvAU4wN', 0, '2019-07-09 11:37:17', '2019-12-30 04:39:18'),
(93, 'profile93.jpg', 'Arif', 'Khan', 'WIPRO', 'TM15757305855RWKU', 'arif.khan.3@alight.com', '9910115496', '$2y$10$QJIc3wZDzHWBIg4DXpUquevBIlRVDk4N.K3AOPQZG6Y3tYAwM5Wqu', 'N', 'TZ1QD4rOdD3lQoZVoZIQeMgm43cKrR8dmnpBtyQZPliJcqfM5BN1I3IJpHev', 1, '2019-12-07 14:56:25', '2019-12-30 08:32:57'),
(94, NULL, 'Devendra', 'Yadav', 'Wipro', 'TM1575805575RN43R', 'devendra.yadav@alight.com', '9971128287', '$2y$10$hAShmzXmF6QR1XTLy10uqeEXbV1zuWRnB87HH/ufGGo7EiYMZG1k.', 'N', '9Tn0WX3K428F4bCfKrQe7LwN2kpAUdaIe3x8tsTFY2Qa1ZWWWmxxeINS9vJA', 1, '2019-12-08 11:46:15', '2019-12-30 08:45:25'),
(95, NULL, 'Mayank', 'Agarwal', 'Wipro', 'TM1575875212CDLK7', 'Mayank.agarwal@alight.com', '9818875380', '$2y$10$0EtBusq7Ga.lDWNSQGPdf.Qij.bcxH./xOEiMMPhCf0s5v90/Txi.', 'N', '3jt1cSorvfpNUWnEAEKteq8uoGjn2VZM8yOBosryfERFqzTfD6iCQi201JtJ', 1, '2019-12-09 07:06:52', '2019-12-18 18:06:54'),
(96, NULL, 'Sachin', 'Sharma', 'Wipro', 'TM1575887046X5PLV', 'sachin.sharma.2@alight.com', '9810678449', '$2y$10$TiQpVQkCqkEPsCj71.tvDuoV561VeOnhlOlA0Zjy/opfJXzUFMpGK', 'N', 'ed1lqkmxg9jr8ZCJPSK1IV7LgA7Ys3P7hcEx9zDIB4bemgExKMzk6HzHyv8k', 1, '2019-12-09 10:24:06', '2020-01-14 07:45:33'),
(97, NULL, 'Shishir', 'Abhinandan', 'Wipro', 'TM157588824004F57', 'shishir.abhinandan.2@alight.com', '9810402316', '$2y$10$fWKambOV93PBniunz7NQ4.t5DTPN843blHTIq1Opvsd8Ycw68Z/6y', 'N', 'G0yMhxiFe0sLE3soS5GA2Z9cCqLfFwLrjkNBkIrtjpQOtX3iEylEjpElbig5', 1, '2019-12-09 10:44:00', '2019-12-09 10:48:54'),
(98, NULL, 'Harish', 'Valecha', 'Wipro', 'TM1575888861YJKWJ', 'Harish.valecha@alight.com', '9818703335', '$2y$10$th6bRwVpE4ginqFDZDccsuW5iHMobwhCUlNZMNsiHXyurW01Df47K', 'N', '4xIkcsjdu6gJgbJMX9xBRPs9BE5yEN0byi9YeDN2LV2mxSjLVdMlOgVbHW1G', 1, '2019-12-09 10:54:21', '2019-12-30 08:52:54'),
(99, NULL, 'Kapil', 'Kumar', 'Alight', 'TM15758907177BYH5', 'kapil.kumar.2@alight.com', '9212578467', '$2y$10$q/kbZU7QAbEFUCECH7tBcelSfiFhZHswy9N/VsbwKyIgN18OC7th6', 'N', 'ziwxGkxsmFFVFGNEluVToX7KGbKFysXdmM12ntbvxH5Q9bScvTjQyTBauF9A', 1, '2019-12-09 11:25:17', '2019-12-30 09:00:52'),
(100, NULL, 'Gautam', 'Punn', 'Wipro', 'TM1575903990FFG73', 'gautam.punn@alight.com', '9818211221', '$2y$10$42sgUeELZS.7jaoVhyWw2u4LxS6Edp2TNRdsCdUvISfieiSOQlss6', 'N', NULL, 1, '2019-12-09 15:06:30', '2019-12-09 15:06:30'),
(101, NULL, 'Aditya', 'Verma', 'Alight', 'TM1575904322VONK8', 'aditya.verma@alight.com', '9899500105', '$2y$10$fJAUj9zt1hQD34KJZNbCtOWXWSS2dB0YjrnrQjsHfKrE/PbQlGPFq', 'N', NULL, 1, '2019-12-09 15:12:02', '2019-12-09 15:12:02'),
(102, NULL, 'Sanjay', 'Awasthi', 'Wipro', 'TM1575904380PTQ4S', 'sanjay.awasthi@alight.com', '9810320878', '$2y$10$f8.z3KCXPJA3LTmA1Zz4de6I.nAjqDE06/uIXfW/KNMnleoRC3VLS', 'N', 'wqVinKKf4NZRtIPuIkiXXFPYGVR8avMLxR0Sitl174EazteUB9deOsw11xNY', 1, '2019-12-09 15:13:00', '2020-01-14 07:31:08'),
(103, NULL, 'Rohit', 'Garg', 'WIPRO', 'TM1575955071DJS5R', 'rohit.garg12@wipro.com', '9810776684', '$2y$10$f8.z3KCXPJA3LTmA1Zz4de6I.nAjqDE06/uIXfW/KNMnleoRC3VLS$2y$10$7AWIzUjeYm.FaFPiW.asWuo/kPIz1ZuEUVbQj2st0jHSTEsxqmWF2', 'N', 'nt0ydG1w5e4Ij0eZ1a9M97udJLgMwVQzg2RtC3F3K0If60ZYuXm3hr7mSXAL', 1, '2019-12-10 05:17:51', '2020-01-14 07:26:37'),
(104, NULL, 'Parvathy', 'N P', 'Wipro', 'TM15759797070JB5S', 'n.parvathy@alight.com', '9818678882', '$2y$10$QTB2Af2bHvpHLD6hruQWAuihrARDz3H.lu3NaLp.qgOGG2NEhdML6', 'N', '7ILcetWMNfSFr2fwkLqo2HSwnLBeVK6mCfx4CG6KEHWhSUjvMp1YLTPtR6tF', 1, '2019-12-10 12:08:27', '2019-12-30 09:14:39'),
(105, NULL, 'Swati', 'Rastogi', 'Wipro', 'TM1575988107LJANS', 'swati.rastogi@alight.com', '9871464878', '$2y$10$zmgYH4EVLIveAtlcFi4GO.SiEULKxX6LhpH0oab4NSMmORK3D9b1.', 'N', 'HWRMbOaPZsUXLeioyALUqjSgcYT6aOxrxUmEqwJwwfhSn9SOIss93H5A5qm1', 1, '2019-12-10 14:28:27', '2019-12-30 09:58:37'),
(106, NULL, 'Tarun', 'Manchanda ', 'Alight', 'TM1575988854IIPOG', 'tarun.manchanda@alight.com', '9899685559', '$2y$10$I1QSC5cla5c50RPi4Es0k.SDjQBeRgw7sp4.ddllka4BQPrPHZgH.', 'N', 'sPH93AJEVQQqOfW95UeE2AY8rl3IxA5uhZJyYcuXYVHKPRImC1uZuC8vpiNg', 1, '2019-12-10 14:40:54', '2020-01-14 07:22:03'),
(107, NULL, 'Jyotsna', 'Vimal', 'Wipro', 'TM1575989006XBGX7', 'jyotsna.vimal@alight.com', '9999191874', '$2y$10$SIPhblcqPIVYUKMK7h4rvOLRq9kWY05zCbcgpPE3lXupYZN2nQ0Ju', 'N', 'mS7NFI0GA6zzqu5g3gNnQind89qqfkQbYUmz6820fWqWk560GmxuydiUMGAw', 1, '2019-12-10 14:43:26', '2019-12-30 09:10:53'),
(108, NULL, 'Abhishek', 'Srivastava', 'Wipro', 'TM1576000827DG7IN', 'abhishek.kumar.srivastava@alight.com', '9899784025', '$2y$10$M0x/PKkOxFih0hLW1xiaL.1ISHDQpYquuu5BJwTdAsmYhBkeN.0hS', 'N', 'EzbflBofGi00EYTx34Ss9QreHXaVyQK8neRCwqczx4OR5SUiMpwsMo5iKQOW', 1, '2019-12-10 18:00:27', '2019-12-10 18:21:23'),
(109, NULL, 'Laxmi', 'Innani', 'Wipro', 'TM1576165809L72OI', 'Laxmi.innani@alight.com', '919811631693', '$2y$10$A2Dt.xlRyrUrwGlm.z3sweiz3XvNNo3jAxTyTdrRUCwWAevYT3wqm', 'N', NULL, 1, '2019-12-12 15:50:09', '2019-12-12 15:50:09'),
(110, NULL, 'Ankur', 'Singhal', 'Wipro', 'TM1576236174EI7TB', 'ankur.singhal@alight.com', '9818652999', '$2y$10$C4cVDMpIVh76A9AiidScoOzawa43n4idmtV6u74sBqf8RO5HkXLfG', 'N', 'aiLQfmkjWY63tK3mokQFwfMmDwAJiG8PxVl6Ao0YbKlxkebEXTMrWnqnmUo1', 1, '2019-12-13 11:22:54', '2019-12-30 10:08:23'),
(111, NULL, 'Vivek', 'Singla', 'Wipro', 'TM1576239919UF2S1', 'Viveksingla26@yahoo.com', '9717736244', '$2y$10$hZlBdSsbSg5VU0.7MJVki.cKtueJx74FwJf.JvirnfCe5H7LVJ6ru', 'N', 'KksVrBCMAdjA175YVbSxqmbj3c172yIGBpHSSwbBycQ06yRSZS1F183FSXQF', 1, '2019-12-13 12:25:19', '2019-12-30 07:54:19'),
(112, NULL, 'Malay', 'Ghorai', 'Wipro', 'TM1576245786D13LW', 'Malay.kant.ghorai@alight.com', '8447748462', '$2y$10$jE9R3Xmt975BlPguxCJMZuN3vtHsRyu9/GU2Up1pfSW6SQ8r0b11G', 'N', '55s3ToJ3cLrOotLPSWGY5qMYy1jNtFYkl8ifbrH7CKug7RKOwnuU3ihBgu5M', 1, '2019-12-13 14:03:06', '2019-12-13 15:18:43'),
(113, NULL, 'Sandeep', 'Piplani', 'Alight Wipro', 'TM15764935025AW8G', 'Sandeep.piplani@alight.com', '9910407522', '$2y$10$5x0JMUHMNOXE4olqGWuR6eCC0m4aWO5F4gkDtdLMIzJ09WywMNheS', 'N', NULL, 1, '2019-12-16 10:51:42', '2019-12-16 10:51:42'),
(114, NULL, 'Pankaj ', 'Pillai', 'Wipro', 'TM1576501299YDYRE', 'pa20029362@alight.com', '9971824552 ', '$2y$10$UI.R8cpj4WyeA6xllFSLsuqS0k9giYZf0K6SQyFwzZ5yyjeD4o6g2', 'N', NULL, 1, '2019-12-16 13:01:39', '2019-12-16 13:01:39'),
(115, NULL, 'Disha', 'Kapoor', 'Wipro', 'TM15766176419DCGQ', 'disha.kapoor83@gmail.com', '9999442221', '$2y$10$f8.z3KCXPJA3LTmA1Zz4de6I.nAjqDE06/uIXfW/KNMnleoRC3VLS', 'N', 'qtzATn5Mmi1oIvCjEWkdtUrJEKkE7ctwcTVKBarABcGBPZGzpBa7TqwABtHo', 1, '2019-12-17 21:20:41', '2020-01-04 05:15:41'),
(116, NULL, 'Disha', 'Kapoor', 'Wipro', 'TM157666596811TWD', 'dishakapoor83@gmail.com', '9999442221', '$2y$10$f8.z3KCXPJA3LTmA1Zz4de6I.nAjqDE06/uIXfW/KNMnleoRC3VLS', 'N', 'NvejYZCnWc6JbsMAJSxW33CRieRD5c6I4ADng2FeORbtul5Ie4TdtBuohkiF', 1, '2019-12-18 10:46:08', '2020-01-04 05:17:52'),
(117, NULL, 'Rajat', 'Tiwari', 'Wipro', 'TM15767560858BRWP', 'Rajat.tiwari@alight.com', '9910111870', '$2y$10$G.Jkm3wFsVgEW0UMdUBYO.QmqUr69XBkLtcAtEwSEDTkPh5jasNyu', 'N', 'qBXLgMVqYKf1YgHmh1R3xXqdUWiGSinRdgV3oghiAyH7ROOMdO8SbwmLmvea', 1, '2019-12-19 11:48:05', '2019-12-30 09:21:14'),
(121, NULL, 'Bhawana', 'Aggarwal', 'Alight', 'TM1578565939YCGVX', 'Bhawana.aggarwal.3@alight.com', '9810998031', '$2y$10$TuPGVNOeLoSGgeL1Jzvo4uCOJZDzhRl7M8scCVI9nko86x1EGFNna', 'N', NULL, 1, '2020-01-09 10:32:19', '2020-01-09 10:32:19'),
(122, 'profile122.png', 'Nitin', 'Bansal', 'Wipro', 'TM1578640385MLE6Q', 'nitin.bansal5@wipro.com', '9911939775', '$2y$10$O/86ct7mXI6fpNxHXpKHv.DMhdciGZHuANcvzaJPcw8AtBgNJRi4K', 'N', NULL, 1, '2020-01-10 07:13:05', '2020-01-10 11:39:41'),
(123, NULL, 'Kiran', 'Chaudhary', 'Wipro', 'TM1578646927DFPV2', 'kiranchaudhary.79@gmail.com', '9818457936', '$2y$10$rB8Z9q4WqAiwSGXOic2une/YnsvhXCcaqb3UDTkIJBMPgDMoVmBW.', 'N', 'hYGiZGaQ7SKMD0ZQnqXVMsggkp9RHOUwqgTzcwwsrTBU4TVx26yj0FkNXEUQ', 1, '2020-01-10 09:02:07', '2020-01-12 14:30:47'),
(124, NULL, 'Darpan', 'Kir', 'Wipro', 'TM1578659991IINBL', 'darpan.kir@alight.com', '9810684989', '$2y$10$YBkYD4rGdSIQ2jcZrzmDOO08hAt934FOw4Qh.ZVdAq7T6YIp/Eewm', 'N', 'nhlSEn0iPAv5mUV6o12hDNI6YbGhKspAKJmzg1P1ayU5lv0yFZDRCM4My4am', 1, '2020-01-10 12:39:51', '2020-01-19 23:44:29'),
(125, NULL, 'Ravinder', 'Bhati', 'Alight', 'TM15786662149ZHE2', 'Ravinder.bhati@alight.com', '9810468131', '$2y$10$AQKOl/vbO/9ujBDcbX9kE.HZzPJSE/KVmtmMWRmwpNJ4Xh/skKvOi', 'N', NULL, 1, '2020-01-10 14:23:34', '2020-01-10 14:23:34'),
(126, NULL, 'Sahibjeet', 'Singh', 'Wipro', 'TM15786726543RWQB', 'sahibjeet.singh@alight.com', '9810071751', '$2y$10$EHUQ2m8kl3kQTpmXShDghuMNl2YDVeerdnGDp8q2DYcQjngaOmyjm', 'N', 'b3MR6JtHbgEz3vutGzNV9HD2m83nixvCwRLNd21w8y0kXJRhufcFv3146uAi', 1, '2020-01-10 16:10:54', '2020-01-10 16:12:02'),
(127, NULL, 'Rajiv', 'Bhatnagar', 'Wipro HR services Pvt Ltd', 'TM1578685994AT1GS', 'Rajiv.bhatnagar.2@alight.com', '8800398654', '$2y$10$mEqmSjXSx.h.V0uJek96tuQrapDhH3Imn86C8TntgqN0qtpjuWViy', 'N', NULL, 1, '2020-01-10 19:53:14', '2020-01-10 19:53:14'),
(128, NULL, 'Kishan', 'Pugalia', 'Wipro', 'TM1578741724B4TWV', 'kishanpugalia@yahoo.com', '8800701123', '$2y$10$4r82Mtu9gIoG1du27KIEe.ZMcKjPl51GxfJxUdEsN.kK6sP2VwDdS', 'N', NULL, 1, '2020-01-11 11:22:04', '2020-01-11 11:22:04'),
(129, NULL, 'Kiran', 'Chaudhary', 'Wipro', 'TM15788396136KTBK', 'kiran.chaudhary@alight.com', '9818457936', '$2y$10$JAFNKA5vVDhOuNsuWre3w.FrVViv44378IvtQKu9/4Of6sISyv00y', 'N', 'ESQR8d2NeleQ2QDlty2OqgvQAtYxYdjB63oYUy15LHnyzAxasixotQ7MFyTg', 1, '2020-01-12 14:33:33', '2020-01-16 15:23:04'),
(130, NULL, 'Mukul', 'Aggarwal', 'Wipro', 'TM1578904791XGH2X', 'mukul.aggarwal.5@alight.com', '9899707261', '$2y$10$57sBMoZRmho7YO2srCDz/.mZ1N5.DfmgB8PctQHc64PLdwP8Rai1a', 'N', 'Y7y1HsjigjMpqTa0VpqUCxxAEaIUgQrFwwOCFFiOMieIIYkjnRoOakptkFvr', 1, '2020-01-13 08:39:51', '2020-01-13 11:17:55'),
(131, NULL, 'Hemant', 'Kumr', 'Wipro', 'TM1578925973S4N6V', 'hemant.kumar.3@alight.com', '9810432629', '$2y$10$CUrBgBL4.C6tngO09xVwneFDfwtPrTnrbnbwQHL.51Thyc.277EYu', 'N', NULL, 1, '2020-01-13 14:32:53', '2020-01-13 14:32:53'),
(132, NULL, 'Bindu', 'Singh', 'Wipro', 'TM1578979304XXHER', 'bindu.singh.2@alight.com', '8130561318', '$2y$10$2RvmkzbQMFC7KtHsVMEtpeBzpeHwYfqkOr6n2s5kXXggkyfkalAd2', 'N', NULL, 1, '2020-01-14 05:21:44', '2020-01-14 05:21:44'),
(133, NULL, 'Gaurav', 'Misra', 'Wipro', 'TM1578989338EXHIC', 'gaurav.misra.2@alight.com', '9958009068', '$2y$10$WdLEoSU/JHTvyZkoX/2s1.bf1P74vM1V26m9amv.jg0dnbYucAeA.', 'N', 'iXTf8xhIDxONlYzxNOcIy3832s7cumLWeLMQbN7uDG4mVKkn4OSO7OKNpEBZ', 1, '2020-01-14 08:08:58', '2020-01-14 20:56:28'),
(134, NULL, 'Gaurav', 'Mathur', 'Wipro', 'TM1578990831IKHN0', 'gaurav.mathur.2@alight.com', '9910073564', '$2y$10$tI.yEG8DTo6orDRzh9c1IOVWovXCJiFNBs/..Nu3dBYQa872Oh05m', 'N', 'mSXmdD4uqT9a6Y4U8vo9zpfCSx3tmsLyuw65QtdqiKHWY8LcVRhzmQgRQTBl', 1, '2020-01-14 08:33:51', '2020-01-14 08:59:34'),
(135, NULL, 'Arnab', 'Kanjilal', 'Wipro', 'TM1578992736OBMB0', 'arnab.kanjilal@alight.com', '9717465748', '$2y$10$R6U96o0rxBIA3RsWSlQJAuDGyYcLGpKqCRo1nl8uPicbS4QQbzwJ.', 'N', '39Zkh55UVZNlYnxEHxK4uCDbgskA2bv6hpxz51Xh6o6fZ4YpWIBudGczPUAc', 1, '2020-01-14 09:05:36', '2020-01-15 10:05:28'),
(136, NULL, 'Asim', 'Mohapatra', 'Wipro', 'TM15789986568O131', 'Asim.anurag2008@gmail.com', '9871983630', '$2y$10$2DJSc3hN9vvEp9HLgZNzLOFssQmIdyLxEij39uWnWxwGXomHM0G9O', 'N', NULL, 1, '2020-01-14 10:44:16', '2020-01-14 10:44:16'),
(137, NULL, 'Vishwajeet', 'Virdi', 'Wipro', 'TM1579077085YRU2V', 'Vishwajeet.virdi@alight.com', '9810439998', '$2y$10$mzvPqI7iyYwh8LSGM6tWKuOyvEMGe/GNwsUGIBjGCAz1H90ys1.km', 'N', 'sYP0oT20DbnlAYJoqLqisNPXoOU2mYN5jd1dxqPRWXg9njBmMSQUXwnb74nb', 1, '2020-01-15 08:31:25', '2020-01-15 11:29:00'),
(138, NULL, 'Himanshu', 'Popli', 'Wipro', 'TM1579095309J4VUG', 'himanshu.popli@alight.com', '9971262111', '$2y$10$zlhA1XwFWUmDYTlR9v2ob.wwxUD6o.sySCm4fP802mmm316Ka0Ana', 'N', '4mxvc0TTHFN3hzQjf6xTvK4B0OMIUj6EmPXAwL39I2U0MV3zT10733ZlcHvm', 1, '2020-01-15 13:35:09', '2020-01-15 14:22:29'),
(139, NULL, 'Priya', 'Srivastava', 'Wipro', 'TM1579106995VCZGU', 'priya.myprerogative@gmail.com', '9212283983', '$2y$10$BBFoFgI/8UIXDva7gbuiiuqVQFOib6VHiI4n8nXhQMXw.Ucl69nB.', 'N', NULL, 1, '2020-01-15 16:49:55', '2020-01-15 16:49:55'),
(140, NULL, 'Gunjan', 'Ahlawat', 'Penguin', 'TM1579153577WQFJ4', 'ahlawatgunjan@gmail.com', '9910750114', '$2y$10$a2dNJrmNM3BLPKU.s0CIT.jxgY.1QLoatQKmgxK9HOevqNaxsNmM.', 'N', '2kkPTx4Ca8j4BILNruZHq8LfQExmd5Ixe2g3OHcVv0nAumXw5EvewefZ9Xae', 1, '2020-01-16 05:46:17', '2020-01-16 05:50:27'),
(141, NULL, 'Arpana', 'Khajuria', 'Wipro', 'TM1579190521MBUEY', 'arpana.khajuria@alight.com', '9810542199', '$2y$10$s.7j1GOwe15bZJ6rzYAN8O1zh/ZdmAfefxweJMbbsyUyZgXNmQP/u', 'N', NULL, 1, '2020-01-16 16:02:01', '2020-01-16 16:02:01'),
(142, NULL, 'Himanshu', 'Jain', 'Wipro', 'TM1579276314KLFM7', 'himanshu.jain@alight.com', '9810046899', '$2y$10$JEWxkjqZc.60OwZr6lFZjuIqaK45Mi3c58d8j0WaWvmMZKHa5Gdfm', 'N', NULL, 1, '2020-01-17 15:51:54', '2020-01-17 15:51:54'),
(143, NULL, 'Indra', 'Choudhary', 'Wipro', 'TM15795292453CZ65', 'indra.raj.choudhary.2@alight.com', '9818559280', '$2y$10$NOhNWSZl3.MUvnsid/eSUe0L2QtyvxKaYtvmbZ802l5xas1P5NaXq', 'N', NULL, 1, '2020-01-20 14:07:25', '2020-01-20 14:07:25');

-- --------------------------------------------------------

--
-- Table structure for table `itf_videos`
--

CREATE TABLE `itf_videos` (
  `id` bigint(25) UNSIGNED NOT NULL,
  `title` varchar(255) COLLATE utf8_unicode_ci NOT NULL,
  `description` longtext COLLATE utf8_unicode_ci NOT NULL,
  `background` text COLLATE utf8_unicode_ci,
  `ask_question` text COLLATE utf8_unicode_ci,
  `video_file` varchar(255) COLLATE utf8_unicode_ci NOT NULL,
  `video_image` varchar(255) COLLATE utf8_unicode_ci DEFAULT NULL,
  `user_id` varchar(255) COLLATE utf8_unicode_ci NOT NULL,
  `created_at` timestamp NULL DEFAULT NULL,
  `updated_at` timestamp NULL DEFAULT NULL
) ENGINE=InnoDB DEFAULT CHARSET=utf8 COLLATE=utf8_unicode_ci;

--
-- Dumping data for table `itf_videos`
--

INSERT INTO `itf_videos` (`id`, `title`, `description`, `background`, `ask_question`, `video_file`, `video_image`, `user_id`, `created_at`, `updated_at`) VALUES
(4, 'trim F1ED7CF9 E298 4F0C 8D43 AC17B0ADEE1C ', 'Introduction ', 'Introduction', 'Introduction', 'I20489TF1575875449.MOV', 'I20489TF1575875449.png', '95', '2019-12-09 07:10:49', '2019-12-09 07:10:49'),
(5, 'E2EF260D F407 4884 89A4 900D53DAF759 ', 'Alight', 'Alight', 'Alight', 'I30994TF1575889198.MOV', 'I30994TF1575889198.png', '97', '2019-12-09 10:59:58', '2019-12-09 10:59:58'),
(6, 'VID 20191209 WA0012 ', 'Self Introducrion', 'Self Introduction', 'Center Stage', 'I88194TF1575890924.mp4', 'I88194TF1575890924.png', '99', '2019-12-09 11:28:45', '2019-12-09 11:28:45'),
(7, 'VID 20191209 172637 ', 'Brief description about the process', 'Self Introduction along with brief description of process', 'Letting people know what we do in DPSS and how we are contributing to the mission at Alight. ', 'I97917TF1575897952.mp4', 'I97917TF1575897952.png', '96', '2019-12-09 13:25:54', '2019-12-09 13:25:54'),
(8, 'VID 20191209 132923061 428x240 ', 'Pre work', 'Centre Stage', 'Pre work - Alight', 'I12386TF1575904657.mp4', 'I12386TF1575904657.png', '100', '2019-12-09 15:17:38', '2019-12-09 15:17:38'),
(9, 'VID 20191209 135118 ', 'MY first video - self Introduction', 'Self Introduction', 'Introduce yourself', 'I36129TF1575905741.mp4', 'I36129TF1575905741.png', '94', '2019-12-09 15:35:43', '2019-12-09 15:35:43'),
(10, 'trim 6E39EF58 C892 45B1 ABA5 4479C7ACE09F ', 'Quick introduction and expectations from session ', 'Introduction ', 'Effective presentation ', 'I54297TF1575911465.MOV', 'I54297TF1575911465.png', '102', '2019-12-09 17:11:05', '2019-12-09 17:11:05'),
(11, 'VID 20191210 WA0000 ', 'My Intro', 'My Intro', 'Intro for mine', 'I31382TF1575919512.mp4', 'I31382TF1575919512.png', '93', '2019-12-09 19:25:14', '2019-12-09 19:25:14'),
(12, 'VID 20191210 005652 ', 'New joiners in team', 'Elevator pitch', 'Self introduction and  how are implementation group working with Alight to achieve their mission', 'I99940TF1575920421.mp4', 'I99940TF1575920421.png', '101', '2019-12-09 19:40:24', '2019-12-09 19:40:24'),
(13, '20191210 104039 ', 'Center stage, all stakeholders in the organization', 'Who are you , introduce yourself, and how are you contributing to the mission at Alight', 'Center stage - pre work', 'I44427TF1575955740.mp4', 'I44427TF1575955740.png', '103', '2019-12-10 05:29:02', '2019-12-10 05:29:02'),
(14, 'trim 64653E99 EB9A 44A8 81FF 9F0455029899 ', 'No audience ', 'Self introduction and expectations from the session', 'Pew work for centre stage', 'I73597TF1575988519.MOV', 'I73597TF1575988519.png', '105', '2019-12-10 14:35:20', '2019-12-10 14:35:20'),
(15, 'trim F3A41D8F E6AE 4143 88A1 18B7E5FC1FBB ', 'NA', 'Self Introduction', 'Video is a pre-work for the centerstage session scheduled for next week', 'I23934TF1575989243.MOV', 'I23934TF1575989243.png', '107', '2019-12-10 14:47:23', '2019-12-10 14:47:23'),
(16, 'Video 20191210 233952 ', 'Self Introduction', 'Centre Stage Pre-work Video', 'Centre Stage Pre-work Video', 'I76407TF1576001864.mp4', 'I76407TF1576001864.png', '108', '2019-12-10 18:17:44', '2019-12-10 18:17:44'),
(17, '20191211 123749 ', 'Training', 'Introduction ', 'Training', 'I62736TF1576051044.mp4', 'I62736TF1576051044.png', '98', '2019-12-11 07:57:26', '2019-12-11 07:57:26'),
(19, '20191210 134703 ', 'Alight participants ', 'CentreStage', 'CentreStage ', 'I97944TF1576140482.mp4', 'I97944TF1576140482.png', '106', '2019-12-12 08:48:04', '2019-12-12 08:48:04'),
(20, 'VID 20191212 WA0001 ', 'A short video introducing self and how are we contributing to mission alight', 'Pre-work for centrestage program ', 'Pre-work for centrestage program', 'I85609TF1576151237.mp4', 'I85609TF1576151237.png', '104', '2019-12-12 11:47:17', '2019-12-12 11:47:17'),
(21, '90D649F7 AAD3 42E7 B4B2 DF2AC7E086D6 ', 'Vivek', 'Center Stage', 'Center Stage Training', 'I75514TF1576166223.MOV', 'I75514TF1576166223.png', '109', '2019-12-12 15:57:03', '2019-12-12 15:57:03'),
(22, 'VID 20191213 164903 ', 'I am introducing myself to the group', 'My introduction', 'Introduction', 'I42253TF1576237066.mp4', 'I42253TF1576237066.png', '110', '2019-12-13 11:37:48', '2019-12-13 11:37:48'),
(23, 'trim 664BF981 77F4 4A0D 9331 5C9953FE8940 ', 'Introduction abt me and current role and responsibility', 'My Journey', 'For Center stage workshop', 'I78922TF1576242148.MOV', 'I78922TF1576242148.png', '111', '2019-12-13 13:02:29', '2019-12-13 13:02:29'),
(24, 'VID 20191213 191240112 ', 'Center stage trainer', 'Training video - Introduction', 'Center stage training for better presentation skills', 'I21920TF1576276204.mp4', 'I21920TF1576276204.png', '112', '2019-12-13 22:30:06', '2019-12-13 22:30:06'),
(25, 'VID 20191216 WA0029 ', 'Mr. Vivek arora', 'Center stage pre work', 'Upcoming sessions', 'I35347TF1576494704.mp4', 'I35347TF1576494704.png', '113', '2019-12-16 11:11:45', '2019-12-16 11:11:45'),
(26, 'trim 1B521E98 BB6F 4F3A BCE7 366AB86B1586 ', 'Pankaj Pillai intro', 'Pre work', 'Important ', 'I20594TF1576501705.MOV', 'I20594TF1576501705.png', '114', '2019-12-16 13:08:26', '2019-12-16 13:08:26'),
(27, 'videocompress 035 VID 20191218 005134 ', 'Intro', 'Intro', 'Intro for centre stage workshop', 'I28345TF1576622024.mp4', 'I28345TF1576622024.png', '115', '2019-12-17 22:33:45', '2019-12-17 22:33:45'),
(28, 'videocompress 035 VID 20191218 005134 ', 'Self Introduction for Centre Stage workshop', 'Self Introduction', 'Self Introduction for Centre Stage workshop', 'I15153TF1576666256.mp4', 'I15153TF1576666256.png', '116', '2019-12-18 10:50:56', '2019-12-18 10:50:56'),
(29, 'VID 20191219 132700773 ', 'Introduction', 'Introduction', 'Center stage', 'I92161TF1576757506.mp4', 'I92161TF1576757506.png', '117', '2019-12-19 12:11:48', '2019-12-19 12:11:48'),
(30, 'Interview Question  Tell Me About Yourself   Best Answer for Freshers   Experienced People     ', 'test', 'test', 'test', 'I23359TF1577682391.mp4', 'I23359TF1577682391.png', '82', '2019-12-30 05:06:32', '2019-12-30 05:06:32'),
(31, 'Arif 1 ', 'Introduction', 'Introduction', 'Introduction', 'I40038TF1577694026.mp4', 'I40038TF1577694026.png', '93', '2019-12-30 08:20:26', '2019-12-30 08:20:26'),
(32, 'Arif Qna ', 'QNA', 'QNA', 'QNA', 'I35313TF1577694490.mp4', 'I35313TF1577694490.png', '93', '2019-12-30 08:28:10', '2019-12-30 08:28:10'),
(33, 'Devendra 1 ', 'Progress Information', 'Progress Information', 'Progress Information', 'I98273TF1577695012.mp4', 'I98273TF1577695012.png', '94', '2019-12-30 08:36:53', '2019-12-30 08:36:53'),
(34, 'Devendra QnA ', 'QNA', 'QNA', 'QNA', 'I70268TF1577695323.mp4', 'I70268TF1577695323.png', '94', '2019-12-30 08:42:03', '2019-12-30 08:42:03'),
(35, 'Harish 1 ', 'Progress Report', 'Progress Report', 'Progress Report and Feedback', 'I80430TF1577695658.mp4', 'I80430TF1577695658.png', '98', '2019-12-30 08:47:38', '2019-12-30 08:47:38'),
(36, 'Harish QnA ', 'QnA', 'QnA', 'QnA', 'I33086TF1577695840.mp4', 'I33086TF1577695840.png', '98', '2019-12-30 08:50:41', '2019-12-30 08:50:41'),
(37, 'Kapil 1 ', 'Progress Report', 'Progress Report', 'Progress Report', 'I36737TF1577696108.mp4', 'I36737TF1577696108.png', '99', '2019-12-30 08:55:08', '2019-12-30 08:55:08'),
(38, 'Kapil QnA ', 'QnA', 'QnA', 'QnA', 'I11498TF1577696310.mp4', 'I11498TF1577696310.png', '99', '2019-12-30 08:58:31', '2019-12-30 08:58:31'),
(39, 'Jyotsna 1 ', 'Progress Report', 'Progress Report', 'Progress Report', 'I50347TF1577696567.mp4', 'I50347TF1577696567.png', '107', '2019-12-30 09:02:48', '2019-12-30 09:02:48'),
(40, 'Jyotsna QnA ', 'QnA', 'QnA', 'QnA', 'I50281TF1577696700.mp4', 'I50281TF1577696700.png', '107', '2019-12-30 09:05:00', '2019-12-30 09:05:00'),
(41, 'Parvathy 1 ', 'Progress Report', 'Progress Report', 'Progress Report', 'I79602TF1577697138.mp4', 'I79602TF1577697138.png', '104', '2019-12-30 09:12:18', '2019-12-30 09:12:18'),
(42, 'Parvathy QnA ', 'QnA', 'QnA', 'QnA', 'I73888TF1577697233.mp4', 'I73888TF1577697233.png', '104', '2019-12-30 09:13:53', '2019-12-30 09:13:53'),
(43, 'Rajat 1 ', 'Progress Report', 'Progress Report', 'Progress Report', 'I73647TF1577697484.mp4', 'I73647TF1577697484.png', '117', '2019-12-30 09:18:05', '2019-12-30 09:18:05'),
(44, 'Rajat QnA ', 'QnA', 'QnA', 'QnA', 'I79754TF1577697574.mp4', 'I79754TF1577697574.png', '117', '2019-12-30 09:19:35', '2019-12-30 09:19:35'),
(45, 'Swati 1 ', 'Progress Report', 'Progress Report', 'Progress Report', 'I99897TF1577697765.mp4', 'I99897TF1577697765.png', '105', '2019-12-30 09:22:45', '2019-12-30 09:22:45'),
(46, 'Swati QnA ', 'QnA', 'QnA', 'QnA', 'I97277TF1577697908.mp4', 'I97277TF1577697908.png', '105', '2019-12-30 09:25:08', '2019-12-30 09:25:08'),
(47, 'Ankur 1 ', 'Progress Report', 'Progress Report', 'Progress Report', 'I12117TF1577700238.mp4', 'I12117TF1577700238.png', '110', '2019-12-30 10:03:59', '2019-12-30 10:03:59'),
(48, 'Ankur QnA ', 'QnA', 'QnA', 'QnA', 'I99131TF1577700372.mp4', 'I99131TF1577700372.png', '110', '2019-12-30 10:06:13', '2019-12-30 10:06:13'),
(49, ' ', 'Testing purpose', 'Testing purpose', 'Testing purpose', 'I44811TF1578115385.mp4', 'I44811TF1578115385.png', '81', '2020-01-04 05:23:06', '2020-01-04 05:23:06'),
(50, ' ', 'Test', 'Test', 'Test', 'I39106TF1578325806.mp4', 'I39106TF1578325806.png', '81', '2020-01-06 15:50:07', '2020-01-06 15:50:07'),
(51, 'trim 6426E6CC E403 4AEE A158 B361591DC16D ', 'Self shot', 'Centerstage Program Intro Video', 'Elevator pitch', 'I91453TF1578655186.MOV', 'I91453TF1578655186.png', '122', '2020-01-10 11:19:47', '2020-01-10 11:19:47'),
(52, 'VID 20200110 175701 ', 'Personal Introduction recording - mirror- Alight', 'Personal Introduction recording - mirror- Alight', 'Personal Introduction recording - mirror- Alight', 'I23915TF1578663703.mp4', 'I23915TF1578663703.png', '124', '2020-01-10 13:41:45', '2020-01-10 13:41:45'),
(53, '20200110 193607 ', 'Alight', 'Center Stage - Pre work', 'Video for Feedback', 'I53785TF1578667378.mp4', 'I53785TF1578667378.png', '125', '2020-01-10 14:43:00', '2020-01-10 14:43:00'),
(54, 'VID 20200110 212739 ', 'Personal Introduction recording - mirror- my introduction and how I contribute to mission Alight', 'Personal Introduction recording - mirror', 'Personal Introduction recording - mirror', 'I64240TF1578674665.mp4', 'I64240TF1578674665.png', '126', '2020-01-10 16:44:27', '2020-01-10 16:44:27'),
(55, '20200111 000005 ', 'I took this video through mobile and my peer helped me', '1 minute video about myself. It includes the Introduction and about my current portfolio and responsibilities in the organization', 'This is the pitch and how in 1 minute we can show an impact', 'I61995TF1578686372.mp4', 'I61995TF1578686372.png', '127', '2020-01-10 19:59:34', '2020-01-10 19:59:34'),
(56, 'VID 20200111 171559 ', 'Introduction and how am I contributing to Alight mission.', 'Alight', 'Prework for Center Stage', 'I16292TF1578743616.mp4', 'I16292TF1578743616.png', '128', '2020-01-11 11:53:37', '2020-01-11 11:53:37'),
(57, 'VID 20200112 WA0026 ', 'About self introduction and contribution in current role', 'Introduction', 'Presentation skills', 'I25382TF1578838806.mp4', 'I25382TF1578838806.png', '123', '2020-01-12 14:20:06', '2020-01-12 14:20:06'),
(58, 'VID 20200112 WA0017 ', 'Details about self intro and contribution in current role', 'Self Introduction', 'For presentation skills', 'I35648TF1578839224.mp4', 'I35648TF1578839224.png', '123', '2020-01-12 14:27:05', '2020-01-12 14:27:05'),
(59, 'VID 20200112 WA0017 ', 'Introduction with work experience and contribution in current role', 'Self Introduction', 'For presentation skills', 'I42090TF1578839849.mp4', 'I42090TF1578839849.png', '129', '2020-01-12 14:37:30', '2020-01-12 14:37:30'),
(60, 'IMG 3731 ', 'Self Introduction with elevator pitch as pre-work for Center stage session', 'Self Introduction with elevator pitch as pre-work for Center stage session', 'Self Introduction with elevator pitch as pre-work for Center stage session', 'I49092TF1578913636.MOV', 'I49092TF1578913636.png', '130', '2020-01-13 11:07:18', '2020-01-13 11:07:18'),
(61, 'VID 20200113 173231 ', 'None', 'Personal Introduction for Center Stage Training', 'Training', 'I47853TF1578933231.mp4', 'I47853TF1578933231.png', '131', '2020-01-13 16:33:53', '2020-01-13 16:33:53'),
(62, 'VID 20200114 110321 ', 'None', 'Intro', 'Aligned', 'I26399TF1578984622.mp4', 'I26399TF1578984622.png', '132', '2020-01-14 06:50:24', '2020-01-14 06:50:24'),
(63, 'VID 20200114 142635 ', 'Center Stage Training', 'Center Stage Training', 'Center Stage Training', 'I53804TF1578994434.mp4', 'I53804TF1578994434.png', '134', '2020-01-14 09:33:56', '2020-01-14 09:33:56'),
(64, 'VID 20200114 WA0008 ', 'Centre stage', 'About me', 'Training pre-work', 'I75663TF1578994532.mp4', 'I75663TF1578994532.png', '135', '2020-01-14 09:35:32', '2020-01-14 09:35:32'),
(65, '20200112 040359 ', 'Personal development training', 'Centre stage training', 'Personal development', 'I14542TF1579035125.mp4', 'I14542TF1579035125.png', '133', '2020-01-14 20:52:07', '2020-01-14 20:52:07'),
(66, 'Alight CenterStage Asim ', 'Pre work video for Center Stage - Batch 4 for Alight', 'Alight - Pre-Work Exercise - Batch 4', 'A rehearsal space created for the corporate leaders to practice creativity and discover their own unique style of presenting.\nUpping your performance through creative methods and coaching. ', 'I21426TF1579078301.mp4', 'I21426TF1579078301.png', '136', '2020-01-15 08:51:43', '2020-01-15 08:51:43'),
(67, '20200115 140714 103834343678372 ', 'self introduction', 'introduction', 'introduction', 'I38775TF1579085772.mp4', 'I38775TF1579085772.png', '137', '2020-01-15 10:56:13', '2020-01-15 10:56:13'),
(68, 'VID 20200115 192805 ', 'Centrestage', 'Centrestage', 'Centrestage', 'I31971TF1579097454.mp4', 'I31971TF1579097454.png', '138', '2020-01-15 14:10:56', '2020-01-15 14:10:56'),
(69, 'VID 20200115 221056 ', 'Centre Stage Presentation Session', 'Centre Stage Presentation Session', 'Centre Stage Presentation Session', 'I49923TF1579109913.mp4', 'I49923TF1579109913.png', '139', '2020-01-15 17:38:35', '2020-01-15 17:38:35'),
(70, 'VID 20200115 191336 ', 'Intro video for the training', 'Centrestage training', 'Training', 'I45414TF1579196104.mp4', 'I45414TF1579196104.png', '141', '2020-01-16 17:35:05', '2020-01-16 17:35:05'),
(71, 'Sequence 01 ', 'For feedback', 'Tedx ', 'For feedback', 'I13261TF1579234928.mp4', 'I13261TF1579234928.png', '140', '2020-01-17 04:22:09', '2020-01-17 04:22:09'),
(72, 'VID 20200117 230420 ', 'Evaluation team at center stage', 'Intro video', 'Evaluation of current gaps and identifying what actions will help me be a better presenter', 'I62935TF1579283333.mp4', 'I62935TF1579283333.png', '142', '2020-01-17 17:48:55', '2020-01-17 17:48:55');

-- --------------------------------------------------------

--
-- Table structure for table `itf_video_comments`
--

CREATE TABLE `itf_video_comments` (
  `id` int(10) UNSIGNED NOT NULL,
  `video_id` bigint(20) DEFAULT NULL,
  `user_id` bigint(20) DEFAULT NULL,
  `category_id` bigint(20) DEFAULT NULL,
  `comments` longtext COLLATE utf8mb4_unicode_ci,
  `video_time` varchar(20) COLLATE utf8mb4_unicode_ci NOT NULL DEFAULT '0',
  `total_text` int(20) DEFAULT '0',
  `status` tinyint(4) NOT NULL DEFAULT '0',
  `created_at` timestamp NULL DEFAULT NULL,
  `updated_at` timestamp NULL DEFAULT NULL
) ENGINE=InnoDB DEFAULT CHARSET=utf8mb4 COLLATE=utf8mb4_unicode_ci;

--
-- Dumping data for table `itf_video_comments`
--

INSERT INTO `itf_video_comments` (`id`, `video_id`, `user_id`, `category_id`, `comments`, `video_time`, `total_text`, `status`, `created_at`, `updated_at`) VALUES
(5, 25, 11, 4, 'sounds monotonous and serious.', '23.556947', 30, 0, '2019-12-16 19:56:01', '2019-12-16 19:56:01'),
(6, 25, 11, 11, 'it looks like an information download,, it might be difficult to retain the information.', '25.921663', 88, 0, '2019-12-16 19:59:51', '2019-12-16 19:59:51'),
(7, 25, 11, 8, 'comes across as grounded & experienced.', '41.520688', 39, 0, '2019-12-16 20:02:29', '2019-12-16 20:02:29'),
(13, 21, 11, 8, 'comes across as grounded & experienced', '11.040186', 38, 1, '2019-12-16 20:24:55', '2019-12-30 17:41:19'),
(14, 21, 11, 4, 'looks like information download is happening,  is shared, i wonder why are you sharing what you are sharing? dont feel the conncet', '19.007401', 131, 1, '2019-12-16 20:27:27', '2019-12-30 17:41:19'),
(15, 21, 11, 18, 'could have used the hands, facial expressions', '31.466652', 45, 1, '2019-12-16 20:28:43', '2019-12-30 17:41:19'),
(16, 5, 11, 7, '\"fantastic, great\", good choice of words right at the start of the conversation.', '9.296516', 80, 1, '2019-12-16 20:34:54', '2019-12-30 18:09:15'),
(17, 5, 11, 6, 'tends to raise the pitch/volume abruptly at times', '33.576669', 49, 1, '2019-12-16 20:36:36', '2019-12-30 18:09:15'),
(18, 5, 11, 10, 'wearing different colours - green colour sweat shirt, brown watch strap adds to the personality.', '44.477667', 96, 1, '2019-12-16 20:39:19', '2019-12-30 18:09:15'),
(19, 5, 11, 12, 'can be at ease so he does not sound scripted.', '44.477667', 45, 1, '2019-12-16 20:40:13', '2019-12-30 18:09:15'),
(20, 8, 11, 2, 'spot on, clarifying the purpose of the video right at the start.', '10.191904', 64, 1, '2019-12-16 20:46:16', '2020-01-07 05:41:44'),
(21, 8, 11, 11, 'ability to make fun of self is a great way to connect.', '22.657124', 54, 1, '2019-12-16 20:47:13', '2020-01-07 05:41:44'),
(22, 8, 11, 17, 'pretty loud and clear.', '29.910036', 22, 1, '2019-12-16 20:47:44', '2020-01-07 05:41:44'),
(23, 8, 11, 14, 'courage to try something new', '57.726743', 28, 1, '2019-12-16 20:49:33', '2020-01-07 05:41:44'),
(24, 8, 11, 18, 'can use hands, body more to communicate his message.', '105.404524', 52, 1, '2019-12-16 20:51:03', '2020-01-07 05:41:44'),
(25, 8, 11, 18, 'can use hands, body more to communicate his message.', '105.404524', 52, 1, '2019-12-16 20:51:03', '2020-01-07 05:41:44'),
(26, 4, 3, 10, 'looks neat and clean, jacket well fitted, shirt size could be better', '2.903041', 68, 1, '2019-12-16 22:09:27', '2020-01-07 06:35:33'),
(27, 4, 3, 7, 'pronunciation of words  \"graduation\",  \"technology\" can be corrected', '9.473618', 70, 1, '2019-12-16 22:11:21', '2020-01-07 06:35:33'),
(28, 4, 3, 13, 'sounds scripted, rehearsing the pitch before presenting can help.', '40.646667', 65, 1, '2019-12-16 22:13:41', '2020-01-07 06:35:33'),
(29, 4, 3, 18, 'can use body & facial expressions to create an impact.', '40.646667', 54, 1, '2019-12-16 22:14:16', '2020-01-07 06:35:33'),
(30, 7, 3, 17, 'loud and clear', '13.479327', 14, 0, '2019-12-16 22:20:26', '2019-12-16 22:20:26'),
(31, 7, 3, 18, 'body swinging, rubbing fingers is distracting & reflects nervousness.', '15.077925', 69, 0, '2019-12-16 22:24:34', '2019-12-16 22:24:34'),
(32, 7, 3, 7, '\"customer delight, first time every time\", choice of words is impactful.', '45.186534', 72, 0, '2019-12-16 22:26:51', '2019-12-16 22:26:51'),
(36, 10, 11, 2, 'Hello. There were 5 parameters in the workshop we worked with. We will be using the same format to offer you feedback. \n\n1. Objective \n I love that you establish your credibility right of the bat by mentioning the impressive scope of your work. Well done :) Even in the end your expectation is clearly articulated . \" If I have only a minute to win it\" - the catch phrase makes me feel you have put sometime to figure a unique way to deliver your message. ', '7.793687', 260, 1, '2019-12-27 10:04:51', '2019-12-27 10:37:39'),
(37, 10, 11, 1, 'Sanjay I imagine you as a very crisp communicator. However  I noticed you only used 26 seconds out of the 60 seconds available to you. I wonder what stopped you from utilising the whole of 60 seconds? Of course Less is more but the under utilization of time can prevent you from really engaging your audience.The second parameter was - Story telling -  My suggestion is to use this time to weave a story. What is your relationship with presenting? Where do you get stuck ? That will help you make the pitch more humane to consume.', '18.916104', 488, 1, '2019-12-27 10:10:05', '2019-12-27 10:37:39'),
(38, 10, 11, 5, 'Persona / Being of the person : Here we are trying to grasp how do you come across in your way of being. What\'s the essence of you? The confident eye contact in the beginning and the smile when you say hello my name is ... makes you  seem both sincere about work and friendly at the same time.  Your persona comes across as someone who likes to be prepared, precise and get to the point. It does seem though you may stay away from small talk or taking too much space. Would have loved to get to know you more and felt it got over too quickly. You can work on this by making sure you are are utilising the full one minute and personal examples', '26.611667', 644, 1, '2019-12-27 10:21:32', '2019-12-27 10:37:39'),
(39, 10, 11, 17, 'The fourth aspect is energy : I feel  that you have been able to use your tone, voice and expressions to create good energy levels in the video. It seems you took a little time and only came on camera when you exactly knew you were ready. Your pauses also make it easy to gather the weight of your message.  However the volume is a little low. Is that the technology or due you sometimes dont use the range of your voice fully?', '14.849422', 429, 1, '2019-12-27 10:26:27', '2019-12-27 10:37:39'),
(40, 10, 11, 11, 'The fifth aspect in the workshop was around being able to connect : with your message and your audience. It is clear to me that you are connected to your message. Your hello seems friendly and your thank you comes across as sincere. However I would reiterate : Take your time and some tips to build connection could be : Sharing an example that you know your peers can connect with? In your thank you expressing specifically why you look forward to partner with your audience.', '22.511132', 476, 1, '2019-12-27 10:31:39', '2019-12-27 10:37:39'),
(41, 20, 11, 1, 'Hi Parvati . Please read this feedback as what\'s working for you and room for improvement  \n\nWhat is working : Your voice is loud and clear, has a sense of enthusiasm when you describe the nature of your job. It makes you come across as passionate. When you say \" Parvati also known as NP \" , i feel connected to you. Makes me feel you build good working relationships.  I love that you mention the data around the client work because that supports your statement about focussing on  improving efficiency.  In the video you come across as confident, enthusiastic and relational \n\nRoom for improvement : I wish you had mentioned the objective of the video in the very beginning. Imagine starting with - In the next one minute I would love for you to know me and the contribution I bring mission alight. The ending was abrupt? Was that a technology issue? Was that due to not being able to speak in the time limit? You can use your already loud and clear voice to come up with a solid message and practice delivering it in the given time. Best of luck on this jounrey', '15.487531', 1071, 1, '2019-12-27 11:13:32', '2019-12-27 11:14:08'),
(42, 22, 11, 1, 'Hi Ankur. Thank you for uploading these. Kindly read the feedback in two buckets. What\'s working and room for improvement. \n\nWhat\'s working : Ankur when you introduce yourself , your story about moving up the ranks makes me see you as someone who would have a very hands on experience in your work and makes me see you as credible.  You also elaborated on the value of innovation and linked it to having a vital team environment. I felt curious about how you bring this about. \n\nRoom for Improvement : Set a clear objective so your audience know what to expect. What was your introduction aiming to do? Once you clarify your objective, lets assume , you want them to see you as result oriented and an engaging manager - you can give an example that brings these qualities out. \nBest of luck on your journey to claim the centre stage', '48.043034', 836, 1, '2019-12-27 11:38:21', '2019-12-27 11:39:14'),
(43, 14, 11, 1, 'Hi Swati. Really appreciate you taking the time out to upload these. You can read the feedback in two categories . What is working and room for improvement. \n\nWhat\' Working : Right off the bat, your smile and eye contact communicates a sense of happiness and pride in the work you do. You explain your scope of work in detail which helps the viewer imagine your world. I love that when you mention your expectationsfrom the session  - you also highlight the three specific areas where you would need inputs. That makes you come across as specific and self aware in your ask. Your being looks responsible, relational and happy in the pitch \n\nRoom for Improvement  : Two things that would take this a notch up is : Using pauses in between your sentences to let the content land and bringing in personal stories and example to engage your audience. I see a white board right behind you. Imagine using that to draw a couple of visuals so that your pitch can be retained. Now that you have attended the workshop - How can you engage the right brain to do justice to having center stage \n\nBest of luck on this journey', '40.130589', 1116, 1, '2019-12-27 11:52:47', '2019-12-27 11:53:00'),
(44, 26, 11, 1, 'Hello Pankaj. Glad you could take time to do this video. Please find our feedback written in two buckets :  What\'s working and room for improvement. \n\nWhat\'s Working : You have a powerful voice. It is helping you establish credibility and promise in this video. The eye contact you are making is steady and gives the impression of confidence in your work. When you are speaking of the \" Process control automation projects\" and the way you are enunciating each word along with offering data is letting it land as crucial and important for the organisation. In your being you appear - clear, confident and comfortable as well as data oriented. Well done. \n\nRoom  for improvement :  What will help you take your performance higher is your ability to now think about what other ways can you  make the message stick. There are facts around your career and the project delivered, but how can you make the same pitch using a story, a visual and example that really makes it stick? While you look connected to your message, this will help you build more connect with your audience as well. \n\nBest of luck as you take more center stare', '7.057973', 1134, 1, '2019-12-27 14:15:42', '2019-12-27 14:16:20'),
(45, 9, 11, 1, 'Hi Devender. I am glad you took the time to upload this video. Please read your feedback in two buckets : What\'s working and room for improvement. \n\nWhat\'s working : It is so nice to see you taking up space and sharing the lofty task you were able to establish as a leader. The example you have taken surely makes me take notice of your professional achievements. Since you mention the business case you presented as well as the model exceeding the expectations, I am surely left curious to get to know you better. \n\nRoom for improvement : During the second half - you mention \"this was not easy but with right plan, training and coaching to colleagues etc - I want to push you to think of a specific story/ example from the floor rather than using the generic management language. That would help me to get to know you and your unique management style thereby cementing more rapport and trust. \n\nBest of luck on your center stage journey.', '76.922', 942, 1, '2019-12-27 14:36:26', '2019-12-27 14:37:19'),
(46, 6, 11, 1, 'Hi Kapil thank you for uploading this video. I have done two buckets for your feedback : What\'\'s working and room for improvement. \nWhat\'s working :  I really love that you chose to stand up and do your video. This makes you come across more active in your style. The smile in the beginning makes you seem approachable and friendly. Infact towards the end when you say people is your passion and you love to engage them, it feels very genuine. \nThe data that you qouted about your client scores adds weight to your work introduction. \nOverall your being is of someone who is open, approachable and effective. \n\nRoom for improvement : I\n notice that you use your hands and lock them up  when you are not. The slight stutter and clenching of the hands  \nThe body is moving back and forth and the eye contact wavers from time to time. This makes me \n perceive you as a little nervous. \n\n\nThis can be countered by doing breathing exercises to ground yourself and releasing excess energy before the presentation. \n\nWishing you luck as you take more strides in your center stage journey', '51.235672', 777, 1, '2019-12-27 14:53:21', '2019-12-27 15:11:53'),
(47, 29, 11, 1, 'Hi Rajat. So happy that you are embarking on your center stage journey. For the video we have written your feedback  in two buckets. What\'s working and room for improvement. \n\nWhat\'s working: Right off the bat, your demeanor looks very professional and that helps in building credibility. I love that in your intro you also share a glimpse of your personal life, which makes me feel more connected asb your audience. Your content is well structured with your experience, leadership beliefs and your expectations from the session. This helps in understanding the message clearly. \n\nRoom for improvement :  I notice that while you are speaking the use of voice, body language and facial expressions tend to follow one rhythm. What can help you take this a notch higher, is to warm up your voice and body so that you come across more open and approachable. A smile, using your hands in the video can definitely add more engagement, In terms of content , in the middle section while you are mentioning your leadership mantras - imagine if you were to tell us a specific story where you displayed these qualities on the floor and instilled them in your team? We love stories and often remember information better through them. \n\nBest of luck in all the efforts you are making', '90.1755', 1275, 1, '2019-12-28 05:47:20', '2019-12-28 05:47:56'),
(48, 11, 11, 1, 'Hi Arif. Excited that you are joining us to take the center stage. Please find your feedback in two buckets : What\'s working and room for improvement. \n\nWhat\'s working : Arif your voice is loud and has an ability to make an impact. The part where you mention \"your aspirations\" gives us a glimpse of your ambition and tells us something that is unique about you. Notice in the end when you say thank you  - it is modulated differently and helps you appear at ease. Well Done. \n\nRoom For Improvement: While you are doing your intro - really clarifying what are you trying to achieve? Credibility? Trust of your peers? Rapport with your audience? In short being specific about the objective will help you speak the most relevant content. Using your already powerful voice and modulation - to tell a story about your journey can help take your impact a couple of notches higher. \n\nBest of luck.', '68.754286', 895, 1, '2019-12-28 06:01:30', '2019-12-28 06:02:03'),
(49, 23, 11, 1, 'Hi Vivek. Excited to see you embark on discovering your potential as you take center stage. You may have recieved the first draft of the feedback. Find draft 2 which is more detailed. Please find the feedback attached in two buckets: what\'s working and room for improvement. \n\nWhat\'s working : In this video, I am able to clearly see you meet the objective you have stated - describing your current role and responsibility. . You put focus on some words by pausing and enunciating them - \"accountable\" and responsible\" - this makes me feel that these are important values for you as a leader. Though the camera is moving and there is some sound in the background, you appear to be grounded and  comfortable. \n\nRoom for improvement : The presentation seems to be happening on a busy floor  Though you are audible, one basic step that can help is to make sure the physical setting is conducive for the best video possible. Second area, though you are  introducing yourself, I still feel I dont know you very well.The sharing feels a bit transactional and formal.  I would love to see you utilise the entire minute and tell us a story from your work life that shows me how you live the values of accountability and responsibility. This will further help you create a presentation that sticks and increase connect with your audience. \n\nBest of luck!', '19.236917', 1481, 1, '2019-12-29 17:13:49', '2019-12-29 17:15:05'),
(50, 12, 11, 1, 'Hi Aditya. Excited to see you embark on discovering your potential as you take center stage. You may have recieved the first draft of the feedback. Find draft 2 which is more detailed. Please find the feedback attached in two buckets: what\'s working and room for improvement. \n\nWhat\'s Working : In the video you have clarified your objective/ purpose and thus your pitch sounds relevant. You have spoken a lot about the attitude of your team and colleagues - \"hungry, constant improvement\" and used \"We\" rather than I. This makes me believe that you are a team player and like to share credit. Well done!\n\nRoom for improvement: 2 areas which you can focus to improve your impact : \n1) Story telling : Rather than telling us things you guys as a strive to do, imagine using a compelling story to tell us how you achieve this on the ground? That would also help you build more rapport with your audience. \nThe other area I would love for you to focus on is to connect with your message and use your facial expressions, body language and voice to engage your audience further. This way you will appear more relaxed and spontaneous in your being. \n\nBest of luck', '86.441313', 1161, 1, '2019-12-29 17:52:11', '2019-12-29 17:52:35'),
(51, 25, 11, 1, 'Hi Sandeep. Excited to see you embark on discovering your potential as you take center stage. You may have received the first draft of the feedback. Find draft 2 which is more detailed. The feedback in attached in two buckets: what\'s working and room for improvement.\n\nWhat\'s working :', '31.063311', 285, 0, '2019-12-30 07:22:14', '2019-12-30 07:22:14'),
(53, 24, 11, 1, 'Hello. Excited to see you embark on discovering your potential as you take center stage. You may have recieved the first draft of the feedback. Find draft 2 which is more detailed. Please find the feedback attached in two buckets: what\'s working and room for improvement.\n\nWhat\'s Working : Through an ease in using your voice, occasional smiles and eye contact and usage of your hands as well as sharing the value you bring and your people management skills - The content of the pitch helps me to see you as credible, keen to add value and manage his people with care. Your words and body language are congruent making it easy to trust you. By sharing that your 6 year old daughter inspires you , you create a moment of personal connect with me. Really good pitch in terms of clear objective, coming across as relational and credible and connecting with your audience. \n\nRoom for Improvement: Now imagine delivering the same one minute pitch and telling us a compelling story about what inspires you? therefore how it seeps into your work and your leadership. A powerful instance from your life that shaped your leadership mantra followed by what you do and the numbers you lead? \n\nJust ideas for taking this a notch higher and making your one minute even more memorable. \n\nBest of luck for the upcoming presentations.', '61.885', 1031, 1, '2019-12-30 17:31:34', '2019-12-30 17:33:04'),
(54, 21, 11, 1, 'Hello. Excited to see you embark on discovering your potential as you take center stage. You may have recieved the first draft of the feedback. Find draft 2 which is more detailed. Please find the feedback attached in two buckets: what\'s working and room for improvement. \n\nWhat;s working : I love that you got someone else to shoot for you and decided to stand up and speak in the video. Making sure the camera is stable and there is no background noise gives your presentation a clean look.  You seem to have an even pace and a grounded stance that helps your message land with  clarity. The smile towards the end makes you look open to your audience. Well done. \n\nRoom for improvement : While you have introduced your work , imagine really being specific about what you want to achieve from this introduction. Would you like your audience to see you as credible ? a people\'s manager? A result oriented leader? And then using that to decide one example from your work life that can illustrate how you live the values you want to communicate. This would help your pitch become sharper and easier to retain. Would love to see you use your hands and expressions to communicate to make an impact. \n\nBest of luck', '23.65604', 1214, 1, '2019-12-30 17:40:37', '2019-12-30 17:41:19'),
(55, 8, 11, 1, 'Hello Gautam. Excited to see you embark on discovering your potential as you take center stage. You may have recieved the first draft of the feedback. Find draft 2 which is more detailed. Please find the feedback attached in two buckets: what\'s working and room for improvement. \n\nWhat\'s working  : Sharing the objective with your audience is a great idea. I feel clear as to what your pitch is trying to achieve and hence prepared to listen without feeling lost.  You make the pitch conversational \" so as part of this intervention let me try a more interesting way\" this makes me see you as someone who is playful and open to take creative risks. When you answer the second question and you say \" like me, do you also like listening to some people\" I again feel that you want me to come along on your journey with you and hence more connected and in rapport with you. As you elaborate on your expectation through an example, I am more clear about your expectations and objective in the workshop. Well done in making the pitch conversational, connected and engaging. \n\nRoom for improvement: Though I did not even once lose attention when you were speaking, I know that the stipulated time was 1 minute and your pitch ran for 1 min 50 seconds. I feel like you could have described the bits on problem solving crisply and precisely to save some time. Remember with communication - : Less is more. \n\nWishing you all the best on your journey becoming a truly engaging presenter.', '0.91139', 1480, 1, '2019-12-30 17:57:16', '2020-01-07 05:41:44'),
(56, 5, 11, 1, 'Hello. Excited to see you embark on discovering your potential as you take center stage. You may have recieved the first draft of the feedback. Find draft 2 which is more detailed. Please find the feedback attached in two buckets: what\'s working and room for improvement. \n\nWhat\'s working : Your energy, the way you say \"hi\" with a slight smile - makes me feel you are glad to be doing this presentation. Your dressing, the loud and enthusiastic tone - all adds to your credibility as a presenter. I love the way you use your voice when talking about the queries you receive from the client. Simultaneously you use your hands both of which makes you appear conversational and actively engaging with your message. Well done. \n\nRoom for improvement: While this is a clear and precise pitch, imagine going deeper into the story of the words passion, care and excellence? While you say thats how you serve the client, imagine using one particular case which can help us understand how do you live these values. A specific example will really let me imagine your world in vivid details rather than engage with you only at a superficial level. \n\nBest of luck as you do your upcoming presentations.', '44.477667', 1194, 1, '2019-12-30 18:08:37', '2019-12-30 18:09:15'),
(57, 49, 120, 18, 'Well Done', '0.991896', 9, 1, '2020-01-04 05:27:57', '2020-01-04 05:28:02'),
(58, 7, 11, 1, 'Hello Sachin. Excited to see you embark on discovering your potential as you take center stage. You may have recieved the first draft of the feedback. Find draft 2 which is more detailed. Please find the feedback attached in two buckets: what\'s working and room for improvement. \n\n What\'s working  : I love that you chose to stand up and present. This makes you look active and also gives you access to using your whole body language to create an impact. Your sentences are clear and precise and thus it is easy to comprehend the pitch. The data that you provide (1.7 million users and their family) helps me see that your work is very critical and adds value to your customers. In your being you come across as energetic and invested ( words like data driven approach, focus on customer delight etc ). Well done \n\nRoom For Improvement: As your audience, I would love to know the purpose of the presentation. Imagine starting with \" In the next 1 minute I want to share with you how DPSS supports Mission Alight\". A context helps in the recall of information going  up. I observe that there is a little swing in your body and the movement suggests that you may be getting rid of excess energy. What if you were to use some breathing/ grounding exercises to centre yourself so you could hold our attention even better. \n\nAll the best.', '44.644459', 1338, 1, '2020-01-07 05:40:43', '2020-01-07 05:41:27'),
(59, 4, 3, 1, 'Hi Mayank . Excited to see you embark on discovering your potential as you take center stage. You may have received the first draft of the feedback. Find draft 2 which is more detailed. Please find the feedback attached in two buckets: what\'s working and room for improvement.\n\n What\'s working : Right off the bat, your style of clothing and the specs you are wearing make an impression and first impressions matter, so well done. Your pitch is structured and your sentences are precise making it very easy to understand your message. It seems like you have taken a little time to think about what you are going to say. This makes me feel you value your audiences time. Well done. \n\nRoom for Improvement : I notice that your purpose is introduction. What if rather than taking a generic objective of an introduction, you clarified your objective further. For instance \" Through this intro I want to help my peers know the innovation we bring to the table? Or I want to convey my leadership mantras that work ? It would help you pick content that is more specifc and hence would help you make your pitch more customised. While you come across quite professional, imagine smiling in moments wher you are talking about being married or other areas that make you happy. That will help you make your pitch more relational rather than merely transnational.  Best of luck.', '40.646667', 1385, 1, '2020-01-07 06:34:21', '2020-01-07 06:35:33'),
(60, 17, 3, 1, 'Hello Harish. Excited for you to embark on the journey to to take up center stage. Please find your video feedback in two buckets. What\'s working and Room for Improvement. \n\nWhat\'s Working : Right off the bat, the pitch is very structured following a beginning (who you are?), middle (what you do? ) and end ( why your work is critical). This makes it easy to understand and comprehend. When you speak about - how every transaction you manage impacts a life - I notice that your eye contact becomes more steady and you give emphasis on key words like - committed, critical - reminding us that this job helps support so many people. Well done. \n\nRoom for improvement : I observed that you only spoke for 30 seconds in the video. The pitch did not leave room for building a connect with your audience. Imagine if you had started with a smile and given us a real life example of how you have worked to impact the life of one of your clients. Stories help build better recall and connect and these are the two areas you can focus on to increase the efficacy of your pitch \nBest of luck', '25.279077', 1086, 1, '2020-01-08 07:23:51', '2020-01-08 07:24:27'),
(61, 15, 3, 1, 'Hi Jyotsana. Excited to see you embark on a journey to take center stage. Please find your feedback attached in two buckets, what\'s working and room for improvement. What\'s working : The smile in the beginning when you say hi makes you look approachable and relational. Your voice is loud and clear. Towards the end when you are saying that through this you want to see if you can connect better with your audience, this comes across as a specific objective and gives the impression that you have reflected on what you want to work on. Well done. \n\nRoom for improvement : I observed that you spoke for 36 seconds and I am curios as to what stopped you from utilizing the full one minute to make an impact?  While sharing what you are involved as part of your current role, you are mentioning broad responsibilities like work flow delivery, data integration etc. Since there are no examples or stories you have used - just KRA items - thus the pitch lands robotic-ally. Imagine gives us an example of a typical day in your life and how you approach this role? That would help me to connect more with you. My advice is take the full minute and let us get to know you through examples of what you do? how you like to approach it? your values as a leader. \n\nBest of luck', '26.10399', 1269, 1, '2020-01-08 07:45:39', '2020-01-08 07:45:46'),
(62, 68, 11, 1, 'Hello Himanshu. Really appreciate you taking out time to do this video. Welcome on your journey to take the center stage. Please find your feedback attached in two buckets : What\'s working and Room for Improvement. \n\n\nWhat\'s working: The video is shot in an office space and there is no  sound in the background. The camera frame is stable. Both these things makes me see you as someone who is aware of his physical setting and has been invested in shooting the pitch well.  As you begin the intro there is a soft smile on your face and your voice and tone comes across as conversational. Your being communicates someone who would be approachable and humble. Well done,\n\n\nRoom for Improvement: I notice that your context, description and purpose states that this is for center stage. Yes, it is and every pitch/introduction/presentation can have a specific objective that you can define. For instance:\" I am introducing to speak about my USP as a professional or \"I want to share my passion for innovation with my stakeholder\". I would love for you to think about a specific objective that can inform your content further. \n\nIn the second half of the video, I observed that you are using words like -\"we are trying to serve form motors\", \"we are trying to\" \"trying to modernise\" - these words make me see you as unsure about your work. While being humble is great, this makes me wonder if you may undersell yourself to others. I suggest you try replacing this pitch with words that inspire conviction. \n\nBest of luck', '15.39379', 1514, 0, '2020-01-16 10:00:14', '2020-01-16 10:00:59'),
(63, 64, 11, 1, 'Hello Arnaqb. Really appreciate you taking out time to do this video. Welcome on your journey to take the center stage. Please find your feedback attached in two buckets : What\'s working and Room for Improvement. \n\nWhat;s Working : Your content, right from your name, the role you perform  and what are your leadership style is - is structured and fluent - which allows me to get to know you deeper as a professional.It also makes me feel that you are sincere and want to do tasks assigned to you well.  You share how you help your team focus on both personal and professional goals which makes you come across a leader who cares about people and processes both. Your voice is gentle and your tone is even paced which helps me see you as approachable and caring. Well done. \n\nRoom for Improvement : I observed that you had prepared your presentation on the computer and you reffered to your notes while speaking. While preparation helped you to come across as clear and purposeful, the break in eye contact in your presentation, took away from you connecting with your audience. This is about \"You\" and I am certain that with some off stage rehearsal you can deliver the same message without referring to the notes. I invite you to take risks by speaking to your audience spontaneously. \n\nBest of luck', '54.404656', 1317, 1, '2020-01-16 10:52:40', '2020-01-16 10:55:30'),
(64, 65, 11, 1, 'Hello Gaurav. Really appreciate you taking out time to do this video. Welcome on your journey to take the center stage. Please find your feedback attached in two buckets : What\'s working and Room for Improvement. \n\nWhat\'s Working : I love the slight smile you have on your face while greeting your audience. Makes you look enthusiastic to share this video. Your eye contact is steady and helps me connect with you. You come across as straight forward and comfortable in your skin. The bit where you share about children and hobbies, helps you establish more rapport . Well Done. \n\nRoom For Improvement : Gaurav I observe that the rate of your speech is high and makes me struggle to remember what you said once the presentation is over. I would love to see you breath and slow down to let your message land. Also when you speak about your role I notice you  mention a lot of generic words like - \" resource planning, supporting management to meet financial goals: - what if you gave us an example of a typical day in your life? Or a glimpse into how approach work? Stories can increase the recall of your pitch. \n\nBest of luck', '40.04994', 1130, 1, '2020-01-16 11:10:26', '2020-01-16 11:10:59'),
(65, 63, 11, 1, 'Hi Gaurav.  Really appreciate you taking out time to do this video. Welcome on your journey to take the center stage. Please find your feedback attached in two buckets : What\'s working and Room for Improvement. \n\nWhat\'s working : It\'s lovely that you chose to stand up and shoot this video. This makes you look active and energetic. Your dressing suggests someone who takes care of grooming and hence comes across as professional. When you mention the projects that you are currently working on and using words like \" biggest automation\", \"this project is close to me\" , \"huge reductions\"   - it makes me see you as someone who is able to represent himself with confidence and pride. You come across sharp, motivated and action oriented in the video. Well done. \n\nRoom for Improvement : I notice that while your content suggests a lot of passion, your face expressions and body language can be more expressive. For instance when you say \"looking forward\" - your face doesnt express excitement. Also your voice is following a similar pattern of delivery. My suggestion is to rehearse how you can highlight  the key words by using pauses and emphasis on key words.  The center stage training will definitely help you to find ways to express using your whole self. \nBest of luck', '62.936716', 1283, 1, '2020-01-16 12:05:41', '2020-01-19 09:13:52'),
(66, 60, 11, 1, 'Hi Mukul. Really appreciate you taking out time to do this video. Welcome on your journey to take the center stage. Please find your feedback attached in two buckets : What\'s working and Room for Improvement. \n\nWhat\'s Working : First off, your choice of dressing comes across as professional and well groomed. I really like that you chose to stand up and do the video as it makes the interaction look active. Your content describing your role is very comprehensive and really helps me get a peak into what you do and why you do it. \n\nRoom for Improvement : I noticed that through the video you really did not use your hands, voice or facial expressions. This made you appear disconnected from your message. I would love for you to do more videos and imagine yourself having an informal conversation with your audience. In the workshop you will learn tools to use your voice and body language so that you can engage your audience more. Best of luck', '6.380295', 944, 1, '2020-01-16 12:35:55', '2020-01-16 12:36:41'),
(67, 71, 11, 7, 'all fine so far ; would definately want you to warm up your body before you do the real presentation', '84.824868', 100, 1, '2020-01-19 08:14:01', '2020-01-19 09:07:52'),
(68, 71, 11, 8, 'the word disaster is coming too often and then you are also mentioning personal reason so you ca😏n avoid some', '168.856594', 112, 1, '2020-01-19 08:17:17', '2020-01-19 09:07:52'),
(69, 71, 11, 18, 'the pendulum moment back and forth will go when you have warmed up nicely', '210.525265', 73, 1, '2020-01-19 08:18:25', '2020-01-19 09:07:52'),
(70, 71, 11, 7, 'i think the time allocated for each story is just fine ; looks like roughly over 2 mins per cover', '529.642131', 97, 1, '2020-01-19 08:26:33', '2020-01-19 09:07:52'),
(71, 71, 11, 6, 'my recommendation is that you vary the tone a little bit so that it generates interest.', '647.771398', 87, 1, '2020-01-19 08:36:23', '2020-01-19 09:07:52'),
(72, 71, 11, 7, 'the choice of words and the content of your story is just fine', '707.629948', 62, 1, '2020-01-19 08:43:57', '2020-01-19 09:07:52'),
(73, 71, 11, 17, 'this story has come out well', '765.234964', 28, 1, '2020-01-19 08:45:17', '2020-01-19 09:07:52'),
(74, 71, 11, 12, 'i am wondering how this book talked to you', '850.17822', 42, 1, '2020-01-19 08:47:05', '2020-01-19 09:07:52'),
(75, 71, 11, 12, 'i d love to know what this book did to you ; how did it connect to you when you read the book over and above your liking for faiz ahmed faiz', '965.875953', 140, 1, '2020-01-19 08:51:53', '2020-01-19 09:07:52'),
(76, 71, 11, 15, 'this story came out very nicely', '1122.652919', 31, 1, '2020-01-19 08:56:17', '2020-01-19 09:07:52'),
(77, 71, 11, 1, 'i couldnt see your end ; but all this is fine ; you are certainly meeting the objective ; rest is about body language and tone', '0.704364', 126, 1, '2020-01-19 09:02:21', '2020-01-19 09:07:52'),
(78, 54, 11, 1, 'Hi Sahibjit. Really appreciate you taking out time to do this video. Welcome on your journey to take the center stage. Please find your feedback attached in two buckets : What\'s working and Room for Improvement. \nWhat\'s working : sahabjit I want to congratulate on getting so many elements in the video to work for you. Your dressing helps you come across as a well groomed professional. Your voice is energetic, the eye contact steady and the usage of hands makes me feel you are confident and involved while presenting.You come across as clear, efficient and open in your body language. In the end when you state your two priorities for 2020, it makes you see as someone who has a knack for goal setting. Well done \n\nRoom for Improvement : The description in mirror says personal introduction and I observed you only spoke about your work career. Impact in presentations can be made better by sharing a personal philosophy or anecdote. In fact even when you are sharing your current role and focus of 2020 - imagine using an example to illustrate what you mean. A story helps the audience form visuals and identification and hence leads to better recall. \n\nBest of luck', '57.254322', 1173, 1, '2020-01-19 14:22:58', '2020-01-19 14:24:31'),
(79, 53, 11, 1, 'Hi Ravinder.  Really appreciate you taking out time to do this video. Welcome on your journey to take the center stage. Please find your feedback attached in two buckets : What\'s working and Room for Improvement\n\nWhat\'s Working : It\'s wonderful that you chose a standing position to do the video. It helps you come across as more active in the presentation. I love that you gave us a glimpse of your personal life especially by  using phrases like \"two beautiful children\" and mentioning names of your children and wife and speaking about your \"love\" for football. This helps me connect with you. Your being comes across as invested and approachable. Well done. \n\nRoom for improvement : While speaking about your role, I notice that you are taking  pauses in the middle of sentences ( listen to your punctuations from 30 - 40 seconds).By rehearsing your content and speaking in an even flow your impact can go up. I would love to also suggest some warm up exercises for your body. Your hands are mostly held together in the video. I have a feeling if you also do some body warm ups- you will be able to use them more naturally. \n\nBest of luck', '0', 1142, 1, '2020-01-19 16:37:44', '2020-01-19 16:38:22'),
(80, 52, 11, 1, 'Hi Darpan.  Really appreciate you taking out time to do this video. Welcome on your journey to take the center stage. Please find your feedback attached in two buckets : What\'s working and Room for Improvement\n\nWhat\'s Working : It\'s wonderful that you chose a standing position to do the video. It helps you come across as more active in the presentation. I love that you gave us a glimpse of your personal life especially by  using phrases like \"two beautiful children\" and mentioning names of your children and wife and speaking about your \"love\" for football. This helps me connect with you. Your being comes across as invested and approachable. Well done. \n\nRoom for improvement : While speaking about your role, I notice that you are taking  pauses in the middle of sentences ( listen to your punctuations from 30 - 40 seconds).By rehearsing your content and speaking in an even flow your impact can go up. I would love to also suggest some warm up exercises for your body. Your hands are mostly held together in the video. I have a feeling if you also do some body warm ups- you will be able to use them more naturally. \n\nBest of luck', '6.319227', 1142, 1, '2020-01-19 17:40:04', '2020-01-20 06:47:00');

-- --------------------------------------------------------

--
-- Table structure for table `itf_video_reviewed`
--

CREATE TABLE `itf_video_reviewed` (
  `id` bigint(20) UNSIGNED NOT NULL,
  `user_id` bigint(20) DEFAULT NULL,
  `video_id` bigint(25) UNSIGNED DEFAULT NULL,
  `mentor_id` bigint(20) DEFAULT NULL,
  `status` tinyint(4) NOT NULL DEFAULT '1',
  `created_at` timestamp NULL DEFAULT NULL,
  `updated_at` timestamp NULL DEFAULT NULL
) ENGINE=InnoDB DEFAULT CHARSET=utf8 COLLATE=utf8_unicode_ci;

--
-- Dumping data for table `itf_video_reviewed`
--

INSERT INTO `itf_video_reviewed` (`id`, `user_id`, `video_id`, `mentor_id`, `status`, `created_at`, `updated_at`) VALUES
(1, 95, 4, 3, 1, '2019-12-09 07:11:52', '2019-12-09 07:11:52'),
(2, 97, 5, 11, 1, '2019-12-09 11:00:29', '2019-12-09 11:00:29'),
(3, 99, 6, 11, 1, '2019-12-09 13:05:39', '2019-12-09 13:05:39'),
(4, 96, 7, 3, 1, '2019-12-09 13:29:33', '2019-12-09 13:29:33'),
(5, 100, 8, 11, 1, '2019-12-09 15:19:40', '2019-12-09 15:19:40'),
(6, 94, 9, 11, 1, '2019-12-09 15:45:32', '2019-12-09 15:45:32'),
(7, 101, 12, 11, 1, '2019-12-09 19:41:23', '2019-12-09 19:41:23'),
(8, 93, 11, 11, 1, '2019-12-10 04:52:34', '2019-12-10 04:52:34'),
(9, 107, 15, 3, 1, '2019-12-10 15:00:30', '2019-12-10 15:00:30'),
(10, 105, 14, 11, 1, '2019-12-10 15:01:02', '2019-12-10 15:01:02'),
(11, 108, 16, 11, 1, '2019-12-10 18:20:53', '2019-12-10 18:20:53'),
(12, 98, 17, 3, 1, '2019-12-11 07:59:29', '2019-12-11 07:59:29'),
(13, 104, 20, 11, 1, '2019-12-12 11:48:54', '2019-12-12 11:48:54'),
(14, 109, 21, 11, 1, '2019-12-12 15:57:24', '2019-12-12 15:57:24'),
(15, 110, 22, 11, 1, '2019-12-13 11:39:20', '2019-12-13 11:39:20'),
(16, 111, 23, 11, 1, '2019-12-13 13:04:22', '2019-12-13 13:04:22'),
(17, 112, 24, 11, 1, '2019-12-13 22:30:53', '2019-12-13 22:30:53'),
(18, 113, 25, 11, 1, '2019-12-16 11:14:10', '2019-12-16 11:14:10'),
(19, 114, 26, 11, 1, '2019-12-16 13:09:00', '2019-12-16 13:09:00'),
(20, 116, 28, 11, 1, '2019-12-18 11:26:44', '2019-12-18 11:26:44'),
(21, 117, 29, 11, 1, '2019-12-19 13:19:16', '2019-12-19 13:19:16'),
(22, 102, 10, 11, 1, '2019-12-20 03:11:01', '2019-12-20 03:11:01'),
(23, 82, 30, 120, 1, '2019-12-30 05:12:03', '2019-12-30 05:12:03'),
(24, 93, 31, 11, 1, '2019-12-30 08:21:51', '2019-12-30 08:21:51'),
(25, 93, 32, 11, 1, '2019-12-30 08:28:23', '2019-12-30 08:28:23'),
(26, 94, 33, 11, 1, '2019-12-30 08:39:15', '2019-12-30 08:39:15'),
(27, 94, 34, 11, 1, '2019-12-30 08:42:19', '2019-12-30 08:42:19'),
(28, 98, 35, 11, 1, '2019-12-30 08:47:48', '2019-12-30 08:47:48'),
(29, 98, 36, 11, 1, '2019-12-30 08:50:53', '2019-12-30 08:50:53'),
(30, 99, 37, 11, 1, '2019-12-30 08:55:20', '2019-12-30 08:55:20'),
(31, 99, 38, 11, 1, '2019-12-30 08:58:41', '2019-12-30 08:58:41'),
(32, 107, 39, 11, 1, '2019-12-30 09:03:00', '2019-12-30 09:03:00'),
(33, 107, 40, 11, 1, '2019-12-30 09:05:27', '2019-12-30 09:05:27'),
(34, 104, 41, 11, 1, '2019-12-30 09:12:41', '2019-12-30 09:12:41'),
(35, 104, 42, 11, 1, '2019-12-30 09:14:04', '2019-12-30 09:14:04'),
(36, 117, 43, 11, 1, '2019-12-30 09:18:18', '2019-12-30 09:18:18'),
(37, 117, 44, 11, 1, '2019-12-30 09:19:55', '2019-12-30 09:19:55'),
(38, 105, 45, 11, 1, '2019-12-30 09:22:57', '2019-12-30 09:22:57'),
(39, 105, 46, 11, 1, '2019-12-30 09:25:34', '2019-12-30 09:25:34'),
(40, 110, 47, 11, 1, '2019-12-30 10:04:12', '2019-12-30 10:04:12'),
(41, 110, 48, 11, 1, '2019-12-30 10:06:21', '2019-12-30 10:06:21'),
(42, 81, 49, 120, 1, '2020-01-04 05:23:27', '2020-01-04 05:23:27'),
(43, 81, 50, 120, 1, '2020-01-06 15:50:16', '2020-01-06 15:50:16'),
(44, 122, 51, 3, 1, '2020-01-10 11:25:07', '2020-01-10 11:25:07'),
(45, 124, 52, 11, 1, '2020-01-10 13:43:12', '2020-01-10 13:43:12'),
(46, 125, 53, 11, 1, '2020-01-10 14:44:56', '2020-01-10 14:44:56'),
(47, 126, 54, 11, 1, '2020-01-10 16:46:44', '2020-01-10 16:46:44'),
(48, 127, 55, 3, 1, '2020-01-10 20:00:45', '2020-01-10 20:00:45'),
(49, 128, 56, 3, 1, '2020-01-11 11:54:45', '2020-01-11 11:54:45'),
(50, 129, 59, 11, 1, '2020-01-12 14:39:09', '2020-01-12 14:39:09'),
(51, 130, 60, 11, 1, '2020-01-13 11:15:16', '2020-01-13 11:15:16'),
(52, 131, 61, 11, 1, '2020-01-13 16:36:50', '2020-01-13 16:36:50'),
(53, 132, 62, 3, 1, '2020-01-14 06:53:40', '2020-01-14 06:53:40'),
(54, 106, 19, 11, 1, '2020-01-14 07:20:36', '2020-01-14 07:20:36'),
(55, 103, 13, 11, 1, '2020-01-14 07:22:43', '2020-01-14 07:22:43'),
(56, 134, 63, 11, 1, '2020-01-14 09:37:41', '2020-01-14 09:37:41'),
(57, 133, 65, 11, 1, '2020-01-14 20:55:53', '2020-01-14 20:55:53'),
(58, 136, 66, 3, 1, '2020-01-15 08:54:10', '2020-01-15 08:54:10'),
(59, 135, 64, 11, 1, '2020-01-15 10:04:47', '2020-01-15 10:04:47'),
(60, 138, 68, 11, 1, '2020-01-15 14:11:55', '2020-01-15 14:11:55'),
(61, 141, 70, 3, 1, '2020-01-16 17:36:52', '2020-01-16 17:36:52'),
(62, 140, 71, 11, 1, '2020-01-17 04:24:56', '2020-01-17 04:24:56'),
(63, 142, 72, 3, 1, '2020-01-17 18:02:27', '2020-01-17 18:02:27');

-- --------------------------------------------------------

--
-- Structure for view `itf_recent_review_views`
--
DROP TABLE IF EXISTS `itf_recent_review_views`;

CREATE  VIEW `itf_recent_review_views`  AS  select `itf_video_comments`.`video_id` AS `video_id`,`itf_video_comments`.`user_id` AS `user_id`,max(`itf_video_comments`.`created_at`) AS `last_comment` from `itf_video_comments` group by `itf_video_comments`.`video_id`,`itf_video_comments`.`user_id` order by `itf_video_comments`.`created_at` ;

--
-- Indexes for dumped tables
--

--
-- Indexes for table `itf_categories`
--
ALTER TABLE `itf_categories`
  ADD PRIMARY KEY (`id`);

--
-- Indexes for table `itf_coupons`
--
ALTER TABLE `itf_coupons`
  ADD PRIMARY KEY (`id`),
  ADD UNIQUE KEY `code` (`code`);

--
-- Indexes for table `itf_coupon_use`
--
ALTER TABLE `itf_coupon_use`
  ADD PRIMARY KEY (`id`);

--
-- Indexes for table `itf_orders`
--
ALTER TABLE `itf_orders`
  ADD PRIMARY KEY (`id`),
  ADD KEY `id` (`id`),
  ADD KEY `id_2` (`id`);

--
-- Indexes for table `itf_orders_detail`
--
ALTER TABLE `itf_orders_detail`
  ADD PRIMARY KEY (`id`),
  ADD KEY `order_id` (`order_id`),
  ADD KEY `order_id_2` (`order_id`);

--
-- Indexes for table `itf_packages`
--
ALTER TABLE `itf_packages`
  ADD PRIMARY KEY (`id`);

--
-- Indexes for table `itf_password_resets`
--
ALTER TABLE `itf_password_resets`
  ADD KEY `password_resets_email_index` (`email`),
  ADD KEY `password_resets_token_index` (`token`);

--
-- Indexes for table `itf_payments`
--
ALTER TABLE `itf_payments`
  ADD PRIMARY KEY (`id`);

--
-- Indexes for table `itf_profiles`
--
ALTER TABLE `itf_profiles`
  ADD PRIMARY KEY (`id`);

--
-- Indexes for table `itf_users`
--
ALTER TABLE `itf_users`
  ADD PRIMARY KEY (`id`),
  ADD UNIQUE KEY `users_email_unique` (`email`);

--
-- Indexes for table `itf_videos`
--
ALTER TABLE `itf_videos`
  ADD PRIMARY KEY (`id`);

--
-- Indexes for table `itf_video_comments`
--
ALTER TABLE `itf_video_comments`
  ADD PRIMARY KEY (`id`);

--
-- Indexes for table `itf_video_reviewed`
--
ALTER TABLE `itf_video_reviewed`
  ADD PRIMARY KEY (`id`),
  ADD KEY `itf_video_reviewed_ibfk_1` (`video_id`);

--
-- AUTO_INCREMENT for dumped tables
--

--
-- AUTO_INCREMENT for table `itf_categories`
--
ALTER TABLE `itf_categories`
  MODIFY `id` bigint(20) UNSIGNED NOT NULL AUTO_INCREMENT, AUTO_INCREMENT=19;
--
-- AUTO_INCREMENT for table `itf_coupons`
--
ALTER TABLE `itf_coupons`
  MODIFY `id` int(25) UNSIGNED NOT NULL AUTO_INCREMENT, AUTO_INCREMENT=16;
--
-- AUTO_INCREMENT for table `itf_coupon_use`
--
ALTER TABLE `itf_coupon_use`
  MODIFY `id` int(10) UNSIGNED NOT NULL AUTO_INCREMENT, AUTO_INCREMENT=88;
--
-- AUTO_INCREMENT for table `itf_orders`
--
ALTER TABLE `itf_orders`
  MODIFY `id` bigint(25) NOT NULL AUTO_INCREMENT, AUTO_INCREMENT=158;
--
-- AUTO_INCREMENT for table `itf_orders_detail`
--
ALTER TABLE `itf_orders_detail`
  MODIFY `id` int(25) UNSIGNED NOT NULL AUTO_INCREMENT, AUTO_INCREMENT=165;
--
-- AUTO_INCREMENT for table `itf_packages`
--
ALTER TABLE `itf_packages`
  MODIFY `id` int(10) UNSIGNED NOT NULL AUTO_INCREMENT, AUTO_INCREMENT=4;
--
-- AUTO_INCREMENT for table `itf_payments`
--
ALTER TABLE `itf_payments`
  MODIFY `id` int(10) NOT NULL AUTO_INCREMENT, AUTO_INCREMENT=7;
--
-- AUTO_INCREMENT for table `itf_profiles`
--
ALTER TABLE `itf_profiles`
  MODIFY `id` bigint(25) NOT NULL AUTO_INCREMENT, AUTO_INCREMENT=35;
--
-- AUTO_INCREMENT for table `itf_users`
--
ALTER TABLE `itf_users`
  MODIFY `id` int(10) UNSIGNED NOT NULL AUTO_INCREMENT, AUTO_INCREMENT=144;
--
-- AUTO_INCREMENT for table `itf_videos`
--
ALTER TABLE `itf_videos`
  MODIFY `id` bigint(25) UNSIGNED NOT NULL AUTO_INCREMENT, AUTO_INCREMENT=73;
--
-- AUTO_INCREMENT for table `itf_video_comments`
--
ALTER TABLE `itf_video_comments`
  MODIFY `id` int(10) UNSIGNED NOT NULL AUTO_INCREMENT, AUTO_INCREMENT=81;
--
-- AUTO_INCREMENT for table `itf_video_reviewed`
--
ALTER TABLE `itf_video_reviewed`
  MODIFY `id` bigint(20) UNSIGNED NOT NULL AUTO_INCREMENT, AUTO_INCREMENT=64;
--
-- Constraints for dumped tables
--

--
-- Constraints for table `itf_orders_detail`
--
ALTER TABLE `itf_orders_detail`
  ADD CONSTRAINT `itf_orders_detail_ibfk_1` FOREIGN KEY (`order_id`) REFERENCES `itf_orders` (`id`) ON DELETE CASCADE;

--
-- Constraints for table `itf_video_reviewed`
--
ALTER TABLE `itf_video_reviewed`
  ADD CONSTRAINT `itf_video_reviewed_ibfk_1` FOREIGN KEY (`video_id`) REFERENCES `itf_videos` (`id`) ON DELETE CASCADE;

/*!40101 SET CHARACTER_SET_CLIENT=@OLD_CHARACTER_SET_CLIENT */;
/*!40101 SET CHARACTER_SET_RESULTS=@OLD_CHARACTER_SET_RESULTS */;
/*!40101 SET COLLATION_CONNECTION=@OLD_COLLATION_CONNECTION */;
